ID;Orden;Cliente;Tipo;Concepto;Oficina;Trßfico;Partner;Factura;Fecha factura;Moneda;Neto;IVA;Neto (local);IVA (local);Fecha econ¾mica;Fecha booking;No. asiento;Actualizado
2522;CGL25123863;MEGALUMINIO SERVICIOS;income;IEX01;1000;sea;C0012 MEGALUMINIO SERVICIOS;;28/02/2026;MXN;7.075,28;1.132,04;7.075,28;1.132,04;16/12/2025;16/12/2025;1-003764;02/03/2026 19:02
2520;CGL25123863;MEGALUMINIO SERVICIOS;income;IAT02;1000;sea;C0012 MEGALUMINIO SERVICIOS;;28/02/2026;MXN;5.731,00;916,96;5.731,00;916,96;16/12/2025;16/12/2025;1-003764;02/03/2026 19:02
2517;CGL25123863;MEGALUMINIO SERVICIOS;income;ITR02;1000;sea;C0012 MEGALUMINIO SERVICIOS;;28/02/2026;MXN;19.000,00;3.040,00;19.000,00;3.040,00;16/12/2025;16/12/2025;1-003764;02/03/2026 19:02
2512;CGL25123863;MEGALUMINIO SERVICIOS;income;PT01;1000;sea;C0012 MEGALUMINIO SERVICIOS;;28/02/2026;MXN;45.890,00;0;45.890,00;0;16/12/2025;16/12/2025;1-003764;02/03/2026 19:02
2510;CGL25123863;MEGALUMINIO SERVICIOS;income;IAD02;1000;sea;C0012 MEGALUMINIO SERVICIOS;;28/02/2026;MXN;7.500,00;1.200,00;7.500,00;1.200,00;16/12/2025;16/12/2025;1-003764;02/03/2026 19:02
2509;CGL25123863;MEGALUMINIO SERVICIOS;income;IAT02;1000;sea;C0012 MEGALUMINIO SERVICIOS;;28/02/2026;MXN;9.022,72;1.443,64;9.022,72;1.443,64;16/12/2025;16/12/2025;1-003764;02/03/2026 19:02
2530;CGL26013907;NEXT LOGISTICS XXI, S.L.;income;ITR05;1000;sea;C0096 NEXT LOGISTICS XXI, S.L.;;27/02/2026;USD;280;0;4.831,76;0;02/01/2026;02/01/2026;1-003753;02/03/2026 19:02
2524;CGL25123863;MEGALUMINIO SERVICIOS;payable;CTR02;1000;sea;P0992 COMPROBADOS CORPORATIVO ADUANAL ROBLES;C52706 - FACMZO;27/02/2026;MXN;68,2;0;68,2;0;16/12/2025;16/12/2025;8754;02/03/2026 19:02
2519;CGL25123863;MEGALUMINIO SERVICIOS;payable;CEX01;1000;sea;P0992 COMPROBADOS CORPORATIVO ADUANAL ROBLES;C52706 - FACMZO;27/02/2026;MXN;6.152,76;984,44;6.152,76;984,44;16/12/2025;16/12/2025;8754;02/03/2026 19:02
2518;CGL25123863;MEGALUMINIO SERVICIOS;payable;CAT02;1000;sea;P0992 COMPROBADOS CORPORATIVO ADUANAL ROBLES;C52706 - FACMZO;27/02/2026;MXN;7.845,85;1.255,34;7.845,85;1.255,34;16/12/2025;16/12/2025;8754;02/03/2026 19:02
2516;CGL25123863;MEGALUMINIO SERVICIOS;payable;CAD05;1000;sea;P0992 COMPROBADOS CORPORATIVO ADUANAL ROBLES;C52706 - FACMZO;27/02/2026;MXN;4.983,48;797,36;4.983,48;797,36;16/12/2025;16/12/2025;8754;02/03/2026 19:02
2515;CGL25123863;MEGALUMINIO SERVICIOS;payable;CTR03;1000;sea;P0992 COMPROBADOS CORPORATIVO ADUANAL ROBLES;C52706 - FACMZO;27/02/2026;MXN;1.540,54;246,49;1.540,54;246,49;16/12/2025;16/12/2025;8754;02/03/2026 19:02
2513;CGL25123863;MEGALUMINIO SERVICIOS;payable;CAD02;1000;sea;P0121 CORPORATIVO ADUANAL ROBLES;52707 - FACMZO;27/02/2026;MXN;4.340,00;694,4;4.340,00;694,4;16/12/2025;16/12/2025;8746;02/03/2026 19:02
2506;CGL26024151;JOINT PRODUCTION;payable;CTR02;2000;road;P0140 AUTO FLETES OMEGA;L65126;27/02/2026;USD;600;0;10.302,00;0;27/02/2026;27/02/2026;8762;02/03/2026 19:02
2504;CGL25113770;JOINT PRODUCTION;payable;PT01;1000;air;P0990 COMPROBADOS SERVICIOS ADUANEROS DEL NORTE;CGL25113770;27/02/2026;MXN;794;0;794;0;21/11/2025;31/12/2025;8761;02/03/2026 19:02
2503;CGL25113770;JOINT PRODUCTION;income;IAD02;1000;air;C0069 JOINT PRODUCTION;;27/02/2026;MXN;14.400,00;2.304,00;14.400,00;2.304,00;21/11/2025;21/11/2025;1-003763;02/03/2026 19:02
2501;CGL25113770;JOINT PRODUCTION;income;PT02;1000;air;C0069 JOINT PRODUCTION;;27/02/2026;MXN;4.640,00;0;4.640,00;0;21/11/2025;21/11/2025;1-003763;02/03/2026 19:02
2498;CGL25113770;JOINT PRODUCTION;income;IAT02;1000;air;C0069 JOINT PRODUCTION;;27/02/2026;MXN;10.491,16;1.678,59;10.491,16;1.678,59;21/11/2025;21/11/2025;1-003763;02/03/2026 19:02
2497;CGL25113770;JOINT PRODUCTION;payable;CAT02;1000;air;P0990 COMPROBADOS SERVICIOS ADUANEROS DEL NORTE;CGL25113770;27/02/2026;MXN;5.931,40;949,02;5.931,40;949,02;21/11/2025;31/12/2025;8761;02/03/2026 19:02
2496;CGL25113770;JOINT PRODUCTION;income;PT01;1000;air;C0069 JOINT PRODUCTION;;27/02/2026;MXN;11.403,00;0;11.403,00;0;21/11/2025;21/11/2025;1-003763;02/03/2026 19:02
2495;CGL25113770;JOINT PRODUCTION;income;ITR05;1000;air;C0069 JOINT PRODUCTION;;27/02/2026;MXN;3.500,00;560;3.500,00;560;21/11/2025;21/11/2025;1-003763;02/03/2026 19:02
2494;CGL25113770;JOINT PRODUCTION;income;PT01;1000;air;C0069 JOINT PRODUCTION;;27/02/2026;MXN;794;0;794;0;21/11/2025;21/11/2025;1-003763;02/03/2026 19:02
2487;CGL25123821;NAPS-GUANAJUATO;payable;PT01;1000;air;P0990 COMPROBADOS SERVICIOS ADUANEROS DEL NORTE;CGL25123821;27/02/2026;MXN;781;0;781;0;06/12/2025;06/12/2025;8759;02/03/2026 19:02
2486;CGL25123821;NAPS-GUANAJUATO;income;IAT02;1000;air;C0051 NAPS-GUANAJUATO;;27/02/2026;MXN;32.128,64;5.140,58;32.128,64;5.140,58;06/12/2025;06/12/2025;1-003762;02/03/2026 19:02
2485;CGL25123821;NAPS-GUANAJUATO;income;PT01;1000;air;C0051 NAPS-GUANAJUATO;;27/02/2026;MXN;781;0;781;0;06/12/2025;06/12/2025;1-003762;02/03/2026 19:02
2484;CGL25123821;NAPS-GUANAJUATO;payable;CAT02;1000;air;P0990 COMPROBADOS SERVICIOS ADUANEROS DEL NORTE;CGL25123821;27/02/2026;MXN;27.937,95;4.470,07;27.937,95;4.470,07;06/12/2025;06/12/2025;8759;02/03/2026 19:02
2483;CGL25123821;NAPS-GUANAJUATO;income;ITR02;1000;air;C0051 NAPS-GUANAJUATO;;27/02/2026;MXN;23.950,00;3.832,00;23.950,00;3.832,00;06/12/2025;06/12/2025;1-003762;02/03/2026 19:02
2481;CGL25123821;NAPS-GUANAJUATO;income;IAD02;1000;air;C0051 NAPS-GUANAJUATO;;27/02/2026;MXN;7.200,00;1.152,00;7.200,00;1.152,00;06/12/2025;06/12/2025;1-003762;02/03/2026 19:02
2480;CGL25123821;NAPS-GUANAJUATO;income;ITR03;1000;air;C0051 NAPS-GUANAJUATO;;27/02/2026;MXN;1.500,00;240;1.500,00;240;06/12/2025;06/12/2025;1-003762;02/03/2026 19:02
2475;CGL26024071;JOINT PRODUCTION;payable;CTR08;2000;road;P0179 CAMILI FORWARDING ING;32819;27/02/2026;USD;415;0;7.125,55;0;09/02/2026;09/02/2026;8758;02/03/2026 19:02
2474;CGL26024071;JOINT PRODUCTION;payable;CAD02;2000;road;P0013 GRUPO CAMILI;65695;27/02/2026;MXN;2.510,00;200,8;2.510,00;200,8;09/02/2026;09/02/2026;8756;02/03/2026 19:02
2473;CGL26024071;JOINT PRODUCTION;payable;CAD02;2000;road;P0013 GRUPO CAMILI;65696;27/02/2026;MXN;2.510,00;200,8;2.510,00;200,8;09/02/2026;09/02/2026;8750;02/03/2026 19:02
2472;CGL26024071;JOINT PRODUCTION;payable;CAD07;2000;road;P0179 CAMILI FORWARDING ING;32819;27/02/2026;USD;80;0;1.373,60;0;09/02/2026;09/02/2026;8758;02/03/2026 19:02
2459;CGL26024069;JOINT PRODUCTION;payable;CAD02;2000;road;P0013 GRUPO CAMILI;65699;27/02/2026;MXN;2.510,00;200,8;2.510,00;200,8;09/02/2026;09/02/2026;8757;02/03/2026 19:02
2449;CGL26013913;SELLOS Y RETENES DE SAN LUIS;income;IAD02;2000;road;C0024 SELLOS Y RETENES DE SAN LUIS;;27/02/2026;MXN;0,01;0;0,01;0;06/01/2026;06/01/2026;2-003761;02/03/2026 19:02
2448;CGL26013913;SELLOS Y RETENES DE SAN LUIS;payable;CAD02;2000;road;P0013 GRUPO CAMILI;65697;27/02/2026;MXN;3.610,00;288,8;3.610,00;288,8;06/01/2026;06/01/2026;8753;02/03/2026 19:02
2447;CGL26013913;SELLOS Y RETENES DE SAN LUIS;income;PT01;2000;road;C0024 SELLOS Y RETENES DE SAN LUIS;;27/02/2026;MXN;92.116,00;0;92.116,00;0;06/01/2026;06/01/2026;2-003761;02/03/2026 19:02
2444;CGL26024074;GSI ASIA PACIFIC, CO. LIMITED;income;PT02;2000;air;C0080 GSI ASIA PACIFIC, CO. LIMITED;;27/02/2026;USD;240,24;0;4.145,65;0;10/02/2026;10/02/2026;2-003760;02/03/2026 19:02
2442;CGL26024074;GSI ASIA PACIFIC, CO. LIMITED;income;ITR02;2000;air;C0080 GSI ASIA PACIFIC, CO. LIMITED;;27/02/2026;USD;550;0;9.490,97;0;10/02/2026;10/02/2026;2-003760;02/03/2026 19:02
2441;CGL26024074;GSI ASIA PACIFIC, CO. LIMITED;income;ITR02;2000;air;C0080 GSI ASIA PACIFIC, CO. LIMITED;;27/02/2026;USD;450;0;7.765,34;0;10/02/2026;10/02/2026;2-003760;02/03/2026 19:02
2438;CGL26024074;GSI ASIA PACIFIC, CO. LIMITED;income;ITR02;2000;air;C0080 GSI ASIA PACIFIC, CO. LIMITED;;27/02/2026;USD;1.050,00;0;18.119,12;0;10/02/2026;10/02/2026;2-003760;02/03/2026 19:02
2437;CGL26024074;GSI ASIA PACIFIC, CO. LIMITED;income;ITR02;2000;air;C0080 GSI ASIA PACIFIC, CO. LIMITED;;27/02/2026;USD;200;0;3.451,26;0;10/02/2026;10/02/2026;2-003760;02/03/2026 19:02
2432;CGL26024108;JOINT PRODUCTION;income;ITR02;2000;road;C0084 JOINT PRODUCTION;;27/02/2026;USD;6.000,00;0;103.537,80;0;20/02/2026;20/02/2026;2-003759;02/03/2026 19:02
2429;CGL26013982;NAPS-GUANAJUATO;income;IAD09;2000;road;C0002 NAPS-GUANAJUATO;;27/02/2026;MXN;1.800,00;288;1.800,00;288;23/01/2026;23/01/2026;2-003758;02/03/2026 19:02
2428;CGL26013982;NAPS-GUANAJUATO;income;IAD02;2000;road;C0002 NAPS-GUANAJUATO;;27/02/2026;MXN;4.500,00;720;4.500,00;720;23/01/2026;23/01/2026;2-003758;02/03/2026 19:02
2426;CGL26013982;NAPS-GUANAJUATO;income;PT01;2000;road;C0002 NAPS-GUANAJUATO;;27/02/2026;MXN;845;0;845;0;23/01/2026;23/01/2026;2-003758;02/03/2026 19:02
2423;CGL26024045;NAPS-GUANAJUATO;income;IAD02;2000;road;C0002 NAPS-GUANAJUATO;;27/02/2026;MXN;4.200,00;672;4.200,00;672;06/02/2026;06/02/2026;2-003757;02/03/2026 19:02
2421;CGL26024045;NAPS-GUANAJUATO;income;PT01;2000;road;C0002 NAPS-GUANAJUATO;;27/02/2026;MXN;383;0;383;0;06/02/2026;06/02/2026;2-003757;02/03/2026 19:02
2420;CGL26013993;NAPS-GUANAJUATO;payable;CAT02;2000;air;P0989 COMPROBADOS GRUPO CAMILI;C65700;27/02/2026;MXN;1.903,36;304,54;1.903,36;304,54;23/01/2026;23/01/2026;8748;02/03/2026 19:02
2419;CGL26013993;NAPS-GUANAJUATO;income;IAT02;2000;air;C0002 NAPS-GUANAJUATO;;27/02/2026;MXN;2.570,00;411,2;2.570,00;411,2;23/01/2026;23/01/2026;2-003756;02/03/2026 19:02
2418;CGL26013993;NAPS-GUANAJUATO;payable;PT01;2000;air;P0989 COMPROBADOS GRUPO CAMILI;26 47 1780 6000031;27/02/2026;MXN;383;0;383;0;23/01/2026;23/01/2026;8749;02/03/2026 19:02
2417;CGL26013993;NAPS-GUANAJUATO;payable;CAD02;2000;air;P0013 GRUPO CAMILI;65700;27/02/2026;MXN;4.000,00;640;4.000,00;640;23/01/2026;23/01/2026;8747;02/03/2026 19:02
2416;CGL26013993;NAPS-GUANAJUATO;income;IAD02;2000;air;C0002 NAPS-GUANAJUATO;;27/02/2026;MXN;6.000,00;960;6.000,00;960;23/01/2026;23/01/2026;2-003756;02/03/2026 19:02
2415;CGL26013993;NAPS-GUANAJUATO;income;PT01;2000;air;C0002 NAPS-GUANAJUATO;;27/02/2026;MXN;383;0;383;0;23/01/2026;23/01/2026;2-003756;02/03/2026 19:02
2413;CGL25123856;JOINT PRODUCTION;income;IEX04;1000;sea;C0069 JOINT PRODUCTION;;27/02/2026;MXN;1.350,00;216;1.350,00;216;12/12/2025;12/12/2025;1-003755;02/03/2026 19:01
2410;CGL25123856;JOINT PRODUCTION;income;IAD02;1000;sea;C0069 JOINT PRODUCTION;;27/02/2026;MXN;14.400,00;2.304,00;14.400,00;2.304,00;12/12/2025;12/12/2025;1-003755;02/03/2026 19:01
2409;CGL25123856;JOINT PRODUCTION;income;IEX01;1000;sea;C0069 JOINT PRODUCTION;;27/02/2026;MXN;139.698,00;22.351,68;139.698,00;22.351,68;12/12/2025;12/12/2025;1-003755;02/03/2026 19:01
2408;CGL25123856;JOINT PRODUCTION;income;IEX04;1000;sea;C0069 JOINT PRODUCTION;;27/02/2026;MXN;1.437,00;229,92;1.437,00;229,92;12/12/2025;12/12/2025;1-003755;02/03/2026 19:01
2405;CGL25123856;JOINT PRODUCTION;income;IAT02;1000;sea;C0069 JOINT PRODUCTION;;27/02/2026;MXN;11.040,00;1.766,40;11.040,00;1.766,40;12/12/2025;12/12/2025;1-003755;02/03/2026 19:01
2403;CGL25123856;JOINT PRODUCTION;income;IAT02;1000;sea;C0069 JOINT PRODUCTION;;27/02/2026;MXN;51.621,59;8.259,45;51.621,59;8.259,45;12/12/2025;12/12/2025;1-003755;02/03/2026 19:01
2401;CGL25123856;JOINT PRODUCTION;income;PT01;1000;sea;C0069 JOINT PRODUCTION;;27/02/2026;MXN;147.805,00;0;147.805,00;0;12/12/2025;12/12/2025;1-003755;02/03/2026 19:01
2397;CGL26013995;JOINT PRODUCTION;income;IAD02;1000;air;C0069 JOINT PRODUCTION;;27/02/2026;MXN;7.200,00;1.152,00;7.200,00;1.152,00;26/01/2026;26/01/2026;1-003754;02/03/2026 19:01
2396;CGL26013995;JOINT PRODUCTION;income;IAT02;1000;air;C0069 JOINT PRODUCTION;;27/02/2026;MXN;43.448,27;6.951,72;43.448,27;6.951,72;26/01/2026;26/01/2026;1-003754;02/03/2026 19:01
2362;CGL26024016;JOINT PRODUCTION;income;ITR02;2000;road;C0081 JOINT PRODUCTION;;27/02/2026;MXN;22.000,00;3.520,00;22.000,00;3.520,00;03/02/2026;03/02/2026;2-003752;02/03/2026 19:01
2360;CGL26024058;JOINT PRODUCTION;income;IAT02;1000;air;C0069 JOINT PRODUCTION;;27/02/2026;MXN;2.755,94;440,95;2.755,94;440,95;06/02/2026;06/02/2026;1-003751;02/03/2026 19:01
2358;CGL26024058;JOINT PRODUCTION;income;PT01;1000;air;C0069 JOINT PRODUCTION;;27/02/2026;MXN;383;0;383;0;06/02/2026;06/02/2026;1-003751;02/03/2026 19:01
2357;CGL26024058;JOINT PRODUCTION;income;IAD02;1000;air;C0069 JOINT PRODUCTION;;27/02/2026;MXN;7.200,00;1.152,00;7.200,00;1.152,00;06/02/2026;06/02/2026;1-003751;02/03/2026 19:01
2350;CGL26024080;JOINT PRODUCTION;income;IAD02;1000;air;C0069 JOINT PRODUCTION;;27/02/2026;MXN;14.400,00;2.304,00;14.400,00;2.304,00;13/02/2026;13/02/2026;1-003750;02/03/2026 19:01
2349;CGL26024080;JOINT PRODUCTION;income;IAT02;1000;air;C0069 JOINT PRODUCTION;;27/02/2026;MXN;51.938,30;8.310,13;51.938,30;8.310,13;13/02/2026;13/02/2026;1-003750;02/03/2026 19:01
2347;CGL26024079;JOINT PRODUCTION;income;IAD02;1000;air;C0069 JOINT PRODUCTION;;27/02/2026;MXN;7.200,00;1.152,00;7.200,00;1.152,00;13/02/2026;13/02/2026;1-003749;02/03/2026 19:01
2345;CGL26024079;JOINT PRODUCTION;income;IAT02;1000;air;C0069 JOINT PRODUCTION;;27/02/2026;MXN;11.303,06;1.808,49;11.303,06;1.808,49;13/02/2026;13/02/2026;1-003749;02/03/2026 19:01
2344;CGL26024078;JOINT PRODUCTION;income;IAT02;1000;air;C0069 JOINT PRODUCTION;;27/02/2026;MXN;16.670,25;2.667,24;16.670,25;2.667,24;13/02/2026;13/02/2026;1-003748;02/03/2026 19:01
2342;CGL26024078;JOINT PRODUCTION;income;IAD02;1000;air;C0069 JOINT PRODUCTION;;27/02/2026;MXN;7.200,00;1.152,00;7.200,00;1.152,00;13/02/2026;13/02/2026;1-003748;02/03/2026 19:01
2340;CGL26024078;JOINT PRODUCTION;income;IAD02;1000;air;C0069 JOINT PRODUCTION;;27/02/2026;MXN;3.000,00;480;3.000,00;480;13/02/2026;13/02/2026;1-003748;02/03/2026 19:01
2338;CGL26024077;JOINT PRODUCTION;income;IAT02;1000;air;C0069 JOINT PRODUCTION;;27/02/2026;MXN;121.599,56;19.455,93;121.599,56;19.455,93;13/02/2026;13/02/2026;1-003747;02/03/2026 19:01
2337;CGL26024077;JOINT PRODUCTION;income;IAD02;1000;air;C0069 JOINT PRODUCTION;;27/02/2026;MXN;3.000,00;480;3.000,00;480;13/02/2026;13/02/2026;1-003747;02/03/2026 19:01
2336;CGL26024077;JOINT PRODUCTION;income;IAD02;1000;air;C0069 JOINT PRODUCTION;;27/02/2026;MXN;7.200,00;1.152,00;7.200,00;1.152,00;13/02/2026;13/02/2026;1-003747;02/03/2026 19:01
2331;CGL26024066;JOINT PRODUCTION;income;IAT02;1000;air;C0069 JOINT PRODUCTION;;27/02/2026;MXN;60.782,96;9.725,27;60.782,96;9.725,27;09/02/2026;09/02/2026;1-003746;02/03/2026 19:01
2330;CGL26024066;JOINT PRODUCTION;income;IAD02;1000;air;C0069 JOINT PRODUCTION;;27/02/2026;MXN;7.200,00;1.152,00;7.200,00;1.152,00;09/02/2026;09/02/2026;1-003746;02/03/2026 19:01
2326;CGL26024062;JOINT PRODUCTION;income;IAD02;1000;air;C0069 JOINT PRODUCTION;;27/02/2026;MXN;7.200,00;1.152,00;7.200,00;1.152,00;09/02/2026;09/02/2026;1-003745;02/03/2026 19:01
2325;CGL26024062;JOINT PRODUCTION;income;IAT02;1000;air;C0069 JOINT PRODUCTION;;27/02/2026;MXN;268.482,13;42.957,14;268.482,13;42.957,14;09/02/2026;09/02/2026;1-003745;02/03/2026 19:01
2324;CGL26024062;JOINT PRODUCTION;income;IAD09;1000;air;C0069 JOINT PRODUCTION;;27/02/2026;MXN;3.000,00;480;3.000,00;480;09/02/2026;09/02/2026;1-003745;02/03/2026 19:01
2321;CGL26024065;JOINT PRODUCTION;income;IAD02;1000;air;C0069 JOINT PRODUCTION;;27/02/2026;MXN;7.200,00;1.152,00;7.200,00;1.152,00;09/02/2026;09/02/2026;1-003744;02/03/2026 19:01
2319;CGL26024065;JOINT PRODUCTION;income;IAT02;1000;air;C0069 JOINT PRODUCTION;;27/02/2026;MXN;412.230,43;65.956,87;412.230,43;65.956,87;09/02/2026;09/02/2026;1-003744;02/03/2026 19:01
2317;CGL26024065;JOINT PRODUCTION;income;PT01;1000;air;C0069 JOINT PRODUCTION;;27/02/2026;MXN;2.231,00;0;2.231,00;0;09/02/2026;09/02/2026;1-003744;02/03/2026 19:01
2488;CGL26014014;SOLUCION INTEGRAL DE MANUFACTURA;payable;PT01;1000;sea;P0997 TESORERIA DE LA FEDERACION;26 43 1742 6000520;26/02/2026;MXN;7.043,00;0;7.043,00;0;31/01/2026;31/01/2026;8760;02/03/2026 19:02
2393;CGL26024112;NAPS-GUANAJUATO;payable;CAD02;1000;air;P0013 GRUPO CAMILI;65682;26/02/2026;MXN;4.900,00;784;4.900,00;784;22/02/2026;22/02/2026;8725;02/03/2026 19:01
2392;CGL26024112;NAPS-GUANAJUATO;payable;CAT02;1000;air;P0989 COMPROBADOS GRUPO CAMILI;C65682;26/02/2026;MXN;11.779,34;1.884,69;11.779,34;1.884,69;22/02/2026;22/02/2026;8726;02/03/2026 19:01
2382;CGL26024070;JOINT PRODUCTION;payable;CAD02;2000;road;P0013 GRUPO CAMILI;65687;26/02/2026;MXN;2.510,00;200,8;2.510,00;200,8;09/02/2026;09/02/2026;8737;02/03/2026 19:01
2381;CGL26024070;JOINT PRODUCTION;payable;CTR08;2000;road;P0179 CAMILI FORWARDING ING;32817;26/02/2026;USD;415;0;7.134,27;0;09/02/2026;09/02/2026;8743;02/03/2026 19:01
2322;CGL26024065;JOINT PRODUCTION;payable;CAD02;1000;air;P0013 GRUPO CAMILI;65683;26/02/2026;MXN;70;11,2;70;11,2;09/02/2026;09/02/2026;8721;02/03/2026 19:01
2318;CGL26024065;JOINT PRODUCTION;payable;PT01;1000;air;P0989 COMPROBADOS GRUPO CAMILI;26 85 1780 6000055;26/02/2026;MXN;2.231,00;0;2.231,00;0;09/02/2026;09/02/2026;8722;02/03/2026 19:01
2305;CGL26024082;NAPS-GUANAJUATO;income;IAD02;1000;air;C0051 NAPS-GUANAJUATO;;26/02/2026;MXN;7.200,00;1.152,00;7.200,00;1.152,00;15/02/2026;15/02/2026;1-003743;02/03/2026 19:01
2299;CGL26024082;NAPS-GUANAJUATO;income;ITR03;1000;air;C0051 NAPS-GUANAJUATO;;26/02/2026;MXN;1.500,00;240;1.500,00;240;15/02/2026;15/02/2026;1-003743;02/03/2026 19:01
2298;CGL26024082;NAPS-GUANAJUATO;income;IAT02;1000;air;C0051 NAPS-GUANAJUATO;;26/02/2026;MXN;13.445,16;2.151,23;13.445,16;2.151,23;15/02/2026;15/02/2026;1-003743;02/03/2026 19:01
2297;CGL26024082;NAPS-GUANAJUATO;income;PT01;1000;air;C0051 NAPS-GUANAJUATO;;26/02/2026;MXN;1.307,00;0;1.307,00;0;15/02/2026;15/02/2026;1-003743;02/03/2026 19:01
2296;CGL26024082;NAPS-GUANAJUATO;income;ITR02;1000;air;C0051 NAPS-GUANAJUATO;;26/02/2026;MXN;14.750,00;2.360,00;14.750,00;2.360,00;15/02/2026;15/02/2026;1-003743;02/03/2026 19:01
2278;CGL26013944;NAPS-GUANAJUATO;income;IAD02;2000;road;C0002 NAPS-GUANAJUATO;;26/02/2026;MXN;4.500,00;720;4.500,00;720;16/01/2026;16/01/2026;2-003742;02/03/2026 19:01
2277;CGL26013944;NAPS-GUANAJUATO;income;PT01;2000;road;C0002 NAPS-GUANAJUATO;;26/02/2026;MXN;73.907,00;0;73.907,00;0;16/01/2026;16/01/2026;2-003742;02/03/2026 19:01
2276;CGL26013944;NAPS-GUANAJUATO;income;IAD11;2000;road;C0002 NAPS-GUANAJUATO;;26/02/2026;MXN;15.000,00;2.400,00;15.000,00;2.400,00;16/01/2026;16/01/2026;2-003742;02/03/2026 19:01
2275;CGL26024036;NAPS-GUANAJUATO;income;PT01;2000;road;C0002 NAPS-GUANAJUATO;;26/02/2026;MXN;30.963,00;0;30.963,00;0;05/02/2026;05/02/2026;2-003741;02/03/2026 19:01
2273;CGL26024036;NAPS-GUANAJUATO;income;IAD02;2000;road;C0002 NAPS-GUANAJUATO;;26/02/2026;MXN;4.500,00;720;4.500,00;720;05/02/2026;05/02/2026;2-003741;02/03/2026 19:01
2269;CGL26024057;JOINT PRODUCTION;income;IAT02;1000;air;C0069 JOINT PRODUCTION;;26/02/2026;MXN;27.341,76;4.374,68;27.341,76;4.374,68;07/02/2026;07/02/2026;1-003740;02/03/2026 19:01
2267;CGL26024057;JOINT PRODUCTION;income;PT01;1000;air;C0069 JOINT PRODUCTION;;26/02/2026;MXN;104.327,00;0;104.327,00;0;07/02/2026;07/02/2026;1-003740;02/03/2026 19:01
2265;CGL26024057;JOINT PRODUCTION;income;IAD09;1000;air;C0069 JOINT PRODUCTION;;26/02/2026;MXN;3.000,00;480;3.000,00;480;07/02/2026;07/02/2026;1-003740;02/03/2026 19:01
2264;CGL26024057;JOINT PRODUCTION;income;IAD02;1000;air;C0069 JOINT PRODUCTION;;26/02/2026;MXN;7.200,00;1.152,00;7.200,00;1.152,00;07/02/2026;07/02/2026;1-003740;02/03/2026 19:01
2261;CGL26024107;JOINT PRODUCTION;income;IEX02;2000;road;C0081 JOINT PRODUCTION;;26/02/2026;MXN;3.600,00;576;3.600,00;576;18/02/2026;18/02/2026;2-003739;02/03/2026 19:01
2260;CGL26024107;JOINT PRODUCTION;income;ITR02;2000;road;C0081 JOINT PRODUCTION;;26/02/2026;MXN;22.000,00;3.520,00;22.000,00;3.520,00;18/02/2026;18/02/2026;2-003739;02/03/2026 19:01
2258;CGL26024106;JOINT PRODUCTION;income;ITR02;2000;road;C0081 JOINT PRODUCTION;;26/02/2026;MXN;22.000,00;3.520,00;22.000,00;3.520,00;19/02/2026;19/02/2026;2-003738;02/03/2026 19:01
2256;CGL26024075;JOINT PRODUCTION;income;ITR02;2000;road;C0081 JOINT PRODUCTION;;26/02/2026;MXN;22.000,00;3.520,00;22.000,00;3.520,00;10/02/2026;10/02/2026;2-003737;02/03/2026 19:01
2471;CGL26024071;JOINT PRODUCTION;payable;CTR08;2000;road;P0179 CAMILI FORWARDING ING;32820;25/02/2026;USD;415;0;7.144,72;0;09/02/2026;09/02/2026;8751;02/03/2026 19:02
2465;CGL26024069;JOINT PRODUCTION;payable;CAT02;2000;road;P0179 CAMILI FORWARDING ING;32810;25/02/2026;USD;415;0;7.144,72;0;09/02/2026;09/02/2026;8740;02/03/2026 19:02
2464;CGL26024069;JOINT PRODUCTION;payable;CAD02;2000;road;P0013 GRUPO CAMILI;65674;25/02/2026;MXN;2.510,00;200,8;2.510,00;200,8;09/02/2026;09/02/2026;8733;02/03/2026 19:02
2463;CGL26024069;JOINT PRODUCTION;payable;CAD07;2000;road;P0179 CAMILI FORWARDING ING;32808;25/02/2026;USD;80;0;1.377,30;0;09/02/2026;09/02/2026;8739;02/03/2026 19:02
2462;CGL26024069;JOINT PRODUCTION;payable;CAD07;2000;road;P0179 CAMILI FORWARDING ING;32809;25/02/2026;USD;80;0;1.377,30;0;09/02/2026;09/02/2026;8738;02/03/2026 19:02
2461;CGL26024069;JOINT PRODUCTION;payable;CAT02;2000;road;P0179 CAMILI FORWARDING ING;32808;25/02/2026;USD;415;0;7.144,72;0;09/02/2026;09/02/2026;8739;02/03/2026 19:02
2460;CGL26024069;JOINT PRODUCTION;payable;CAD02;2000;road;P0013 GRUPO CAMILI;65673;25/02/2026;MXN;2.510,00;200,8;2.510,00;200,8;09/02/2026;09/02/2026;8732;02/03/2026 19:02
2458;CGL26024069;JOINT PRODUCTION;payable;CAT02;2000;road;P0179 CAMILI FORWARDING ING;32809;25/02/2026;USD;415;0;7.144,72;0;09/02/2026;09/02/2026;8738;02/03/2026 19:02
2457;CGL26024069;JOINT PRODUCTION;payable;CAD02;2000;road;P0013 GRUPO CAMILI;65675;25/02/2026;MXN;2.510,00;200,8;2.510,00;200,8;09/02/2026;09/02/2026;8734;02/03/2026 19:02
2456;CGL26024069;JOINT PRODUCTION;payable;CAD07;2000;road;P0179 CAMILI FORWARDING ING;32810;25/02/2026;USD;80;0;1.377,30;0;09/02/2026;09/02/2026;8740;02/03/2026 19:02
2450;CGL26013913;SELLOS Y RETENES DE SAN LUIS;payable;PT01;2000;road;P0997 TESORERIA DE LA FEDERACION;26 24 3482 6007467;25/02/2026;MXN;92.116,00;0;92.116,00;0;06/01/2026;06/01/2026;8752;02/03/2026 19:02
2424;CGL26024045;NAPS-GUANAJUATO;payable;CAD02;2000;road;P0013 GRUPO CAMILI;65678;25/02/2026;MXN;2.210,00;176,8;2.210,00;176,8;06/02/2026;06/02/2026;8719;02/03/2026 19:02
2378;CGL26024060;JOINT PRODUCTION;payable;CTR08;2000;road;P0179 CAMILI FORWARDING ING;32813;25/02/2026;USD;415;0;7.144,72;0;06/02/2026;06/02/2026;8742;02/03/2026 19:01
2376;CGL26024060;JOINT PRODUCTION;payable;CAD07;2000;road;P0179 CAMILI FORWARDING ING;32813;25/02/2026;USD;80;0;1.377,30;0;06/02/2026;06/02/2026;8742;02/03/2026 19:01
2373;CGL26024060;JOINT PRODUCTION;payable;CAD02;2000;road;P0013 GRUPO CAMILI;65680;25/02/2026;MXN;2.510,00;200,8;2.510,00;200,8;06/02/2026;06/02/2026;8736;02/03/2026 19:01
2369;CGL26024068;JOINT PRODUCTION;payable;CTR08;2000;road;P0179 CAMILI FORWARDING ING;32812;25/02/2026;USD;415;0;7.144,72;0;09/02/2026;09/02/2026;8741;02/03/2026 19:01
2368;CGL26024068;JOINT PRODUCTION;payable;CAD02;2000;road;P0013 GRUPO CAMILI;65679;25/02/2026;MXN;2.510,00;200,8;2.510,00;200,8;09/02/2026;09/02/2026;8735;02/03/2026 19:01
2367;CGL26024068;JOINT PRODUCTION;payable;CAD07;2000;road;P0179 CAMILI FORWARDING ING;32812;25/02/2026;USD;80;0;1.377,30;0;09/02/2026;09/02/2026;8741;02/03/2026 19:01
2361;CGL26024058;JOINT PRODUCTION;payable;CAD02;1000;air;P0112 LEVISA MONTERREY AGENCIA ADUANAL;94133;25/02/2026;MXN;3.070,00;491,2;3.070,00;491,2;06/02/2026;06/02/2026;8727;02/03/2026 19:01
2356;CGL26024058;JOINT PRODUCTION;payable;CAT02;1000;air;P0993 COMPROBADOS LEVISA MONTERREY AGENCIA ADUANAL;C94133;25/02/2026;MXN;2.396,47;383,44;2.396,47;383,44;06/02/2026;06/02/2026;8730;02/03/2026 19:01
2315;CGL26024029;JOINT PRODUCTION;payable;CAT02;1000;air;P0993 COMPROBADOS LEVISA MONTERREY AGENCIA ADUANAL;C94132;25/02/2026;MXN;2.396,47;383,44;2.396,47;383,44;04/02/2026;04/02/2026;8731;02/03/2026 19:01
2311;CGL26024029;JOINT PRODUCTION;payable;CAD02;1000;air;P0112 LEVISA MONTERREY AGENCIA ADUANAL;94132;25/02/2026;MXN;3.070,00;491,2;3.070,00;491,2;04/02/2026;04/02/2026;8728;02/03/2026 19:01
2304;CGL26024082;NAPS-GUANAJUATO;payable;PT01;1000;air;P0989 COMPROBADOS GRUPO CAMILI;26 85 1780 6000057;25/02/2026;MXN;1.307,00;0;1.307,00;0;15/02/2026;15/02/2026;8724;02/03/2026 19:01
2295;CGL26024082;NAPS-GUANAJUATO;payable;CAD02;1000;air;P0013 GRUPO CAMILI;65681;25/02/2026;MXN;70;11,2;70;11,2;15/02/2026;15/02/2026;8723;02/03/2026 19:01
2224;CGL25113781;JOINT PRODUCTION;income;IAD02;1000;sea;C0069 JOINT PRODUCTION;;25/02/2026;MXN;0,01;0;0,01;0;26/11/2025;26/11/2025;1-003736;02/03/2026 19:01
2219;CGL25113781;JOINT PRODUCTION;income;PT01;1000;sea;C0069 JOINT PRODUCTION;;25/02/2026;MXN;973;0;973;0;26/11/2025;26/11/2025;1-003736;02/03/2026 19:01
2208;CGL26024040;NAPS-GUANAJUATO;income;IAD02;2000;road;C0002 NAPS-GUANAJUATO;;25/02/2026;MXN;4.200,00;672;4.200,00;672;06/02/2026;06/02/2026;2-003735;02/03/2026 19:01
2207;CGL26024040;NAPS-GUANAJUATO;income;PT01;2000;road;C0002 NAPS-GUANAJUATO;;25/02/2026;MXN;383;0;383;0;06/02/2026;06/02/2026;2-003735;02/03/2026 19:01
2205;CGL26024040;NAPS-GUANAJUATO;payable;CAD02;2000;road;P0013 GRUPO CAMILI;65677;25/02/2026;MXN;2.210,00;176,8;2.210,00;176,8;06/02/2026;06/02/2026;8705;02/03/2026 19:01
2204;CGL26024037;NAPS-GUANAJUATO;income;IAD03;2000;road;C0002 NAPS-GUANAJUATO;;25/02/2026;MXN;3.000,00;480;3.000,00;480;06/02/2026;06/02/2026;2-003734;02/03/2026 19:01
2203;CGL26024037;NAPS-GUANAJUATO;income;IAD02;2000;road;C0002 NAPS-GUANAJUATO;;25/02/2026;MXN;4.200,00;672;4.200,00;672;06/02/2026;06/02/2026;2-003734;02/03/2026 19:01
2200;CGL26024037;NAPS-GUANAJUATO;income;PT01;2000;road;C0002 NAPS-GUANAJUATO;;25/02/2026;MXN;383;0;383;0;06/02/2026;06/02/2026;2-003734;02/03/2026 19:01
2198;CGL26024042;NAPS-GUANAJUATO;income;IAT02;2000;road;C0002 NAPS-GUANAJUATO;;25/02/2026;MXN;1.604,00;256,64;1.604,00;256,64;06/02/2026;06/02/2026;2-003733;02/03/2026 19:01
2193;CGL26024042;NAPS-GUANAJUATO;income;IAD03;2000;road;C0002 NAPS-GUANAJUATO;;25/02/2026;MXN;3.000,00;480;3.000,00;480;06/02/2026;06/02/2026;2-003733;02/03/2026 19:01
2192;CGL26024042;NAPS-GUANAJUATO;income;PT01;2000;road;C0002 NAPS-GUANAJUATO;;25/02/2026;MXN;383;0;383;0;06/02/2026;06/02/2026;2-003733;02/03/2026 19:01
2191;CGL26024042;NAPS-GUANAJUATO;income;IAD02;2000;road;C0002 NAPS-GUANAJUATO;;25/02/2026;MXN;4.200,00;672;4.200,00;672;06/02/2026;06/02/2026;2-003733;02/03/2026 19:01
2158;CGL26013997;NAPS-GUANAJUATO;income;IAT02;1000;air;C0004 NAPS-GUANAJUATO;;25/02/2026;MXN;5.654,55;904,73;5.654,55;904,73;28/01/2026;28/01/2026;1-003732;02/03/2026 19:01
2157;CGL26013997;NAPS-GUANAJUATO;income;IAD09;1000;air;C0004 NAPS-GUANAJUATO;;25/02/2026;MXN;3.000,00;480;3.000,00;480;28/01/2026;28/01/2026;1-003732;02/03/2026 19:01
2155;CGL26013997;NAPS-GUANAJUATO;income;PT01;1000;air;C0004 NAPS-GUANAJUATO;;25/02/2026;MXN;32.752,00;0;32.752,00;0;28/01/2026;28/01/2026;1-003732;02/03/2026 19:01
2151;CGL26013997;NAPS-GUANAJUATO;income;IAD02;1000;air;C0004 NAPS-GUANAJUATO;;25/02/2026;MXN;7.200,00;1.152,00;7.200,00;1.152,00;28/01/2026;28/01/2026;1-003732;02/03/2026 19:01
2150;CGL26024064;JOINT PRODUCTION;income;PT01;1000;air;C0069 JOINT PRODUCTION;;25/02/2026;MXN;1.307,00;0;1.307,00;0;09/02/2026;09/02/2026;1-003731;02/03/2026 19:01
2149;CGL26024064;JOINT PRODUCTION;income;IAD02;1000;air;C0069 JOINT PRODUCTION;;25/02/2026;MXN;7.200,00;1.152,00;7.200,00;1.152,00;09/02/2026;09/02/2026;1-003731;02/03/2026 19:01
2143;CGL26024064;JOINT PRODUCTION;income;IAD09;1000;air;C0069 JOINT PRODUCTION;;25/02/2026;MXN;3.000,00;480;3.000,00;480;09/02/2026;09/02/2026;1-003731;02/03/2026 19:01
2142;CGL26024064;JOINT PRODUCTION;income;IAT02;1000;air;C0069 JOINT PRODUCTION;;25/02/2026;MXN;9.327,37;1.492,38;9.327,37;1.492,38;09/02/2026;09/02/2026;1-003731;02/03/2026 19:01
2140;CGL26024063;JOINT PRODUCTION;income;IAT02;1000;air;C0069 JOINT PRODUCTION;;25/02/2026;MXN;11.303,06;1.808,49;11.303,06;1.808,49;09/02/2026;09/02/2026;1-003730;02/03/2026 19:01
2138;CGL26024063;JOINT PRODUCTION;income;IAD09;1000;air;C0069 JOINT PRODUCTION;;25/02/2026;MXN;3.000,00;480;3.000,00;480;09/02/2026;09/02/2026;1-003730;02/03/2026 19:01
2136;CGL26024063;JOINT PRODUCTION;income;IAD02;1000;air;C0069 JOINT PRODUCTION;;25/02/2026;MXN;7.200,00;1.152,00;7.200,00;1.152,00;09/02/2026;09/02/2026;1-003730;02/03/2026 19:01
2523;CGL25123863;MEGALUMINIO SERVICIOS;payable;CTR06;1000;sea;P0027 AUTOTRANSPORTES DE CARGA TRESGUERRAS;11392 4456;24/02/2026;MXN;11.172,59;1.787,61;11.172,59;1.787,61;16/12/2025;16/12/2025;8744;02/03/2026 19:02
2445;CGL26024074;GSI ASIA PACIFIC, CO. LIMITED;payable;CTR02;2000;air;P0172 GERARDO ISRAEL FRAGOSO ZAVALA;A392;24/02/2026;MXN;10.800,00;1.728,00;10.800,00;1.728,00;10/02/2026;10/02/2026;8694;02/03/2026 19:02
2422;CGL26024045;NAPS-GUANAJUATO;payable;PT01;2000;road;P0997 TESORERIA DE LA FEDERACION;26 24 3482 6010508;24/02/2026;MXN;383;0;383;0;06/02/2026;06/02/2026;8720;02/03/2026 19:02
2395;CGL26024112;NAPS-GUANAJUATO;payable;CTR06;1000;air;P0004 MARIA ELENA SUAREZ GARCIA;B ? 3920;24/02/2026;MXN;9.000,00;1.440,00;9.000,00;1.440,00;22/02/2026;22/02/2026;8729;02/03/2026 19:01
2303;CGL26024082;NAPS-GUANAJUATO;payable;CAT02;1000;air;P0989 COMPROBADOS GRUPO CAMILI;C65669;24/02/2026;MXN;11.691,45;1.870,63;11.691,45;1.870,63;15/02/2026;15/02/2026;8716;02/03/2026 19:01
2300;CGL26024082;NAPS-GUANAJUATO;payable;CAD02;1000;air;P0013 GRUPO CAMILI;65669;24/02/2026;MXN;4.900,00;784;4.900,00;784;15/02/2026;15/02/2026;8712;02/03/2026 19:01
2294;CGL25103668;ARMOR MEXICO IMAGING SUPPLIES;income;ITR02;1000;sea;C0001 ARMOR MEXICO IMAGING SUPPLIES;;24/02/2026;MXN;45.450,77;7.272,12;45.450,77;7.272,12;29/10/2025;29/10/2025;1-003728;02/03/2026 19:01
2290;CGL25103668;ARMOR MEXICO IMAGING SUPPLIES;income;ITR01;1000;sea;C0001 ARMOR MEXICO IMAGING SUPPLIES;;24/02/2026;MXN;21.587,10;3.453,94;21.587,10;3.453,94;29/10/2025;29/10/2025;1-003728;02/03/2026 19:01
2288;CGL25103668;ARMOR MEXICO IMAGING SUPPLIES;income;IAD02;1000;sea;C0001 ARMOR MEXICO IMAGING SUPPLIES;;24/02/2026;MXN;5.280,24;844,84;5.280,24;844,84;29/10/2025;29/10/2025;1-003728;02/03/2026 19:01
2285;CGL25103668;ARMOR MEXICO IMAGING SUPPLIES;income;IAT02;1000;sea;C0001 ARMOR MEXICO IMAGING SUPPLIES;;24/02/2026;MXN;25.750,00;4.120,00;25.750,00;4.120,00;29/10/2025;29/10/2025;1-003728;02/03/2026 19:01
2283;CGL25103668;ARMOR MEXICO IMAGING SUPPLIES;income;ITR04;1000;sea;C0001 ARMOR MEXICO IMAGING SUPPLIES;;24/02/2026;MXN;5.611,96;897,91;5.611,96;897,91;29/10/2025;29/10/2025;1-003728;02/03/2026 19:01
2282;CGL25103668;ARMOR MEXICO IMAGING SUPPLIES;income;IEX01;1000;sea;C0001 ARMOR MEXICO IMAGING SUPPLIES;;24/02/2026;MXN;3.387,44;541,99;3.387,44;541,99;29/10/2025;29/10/2025;1-003728;02/03/2026 19:01
2279;CGL26013944;NAPS-GUANAJUATO;payable;CAD02;2000;road;P0013 GRUPO CAMILI;65667;24/02/2026;MXN;2.410,00;192,8;2.410,00;192,8;16/01/2026;16/01/2026;8718;02/03/2026 19:01
2255;CGL25123873;ARMOR MEXICO IMAGING SUPPLIES;income;ITR02;1000;sea;C0001 ARMOR MEXICO IMAGING SUPPLIES;;24/02/2026;MXN;66.000,00;10.560,00;66.000,00;10.560,00;17/12/2025;17/12/2025;1-003726;02/03/2026 19:01
2254;CGL25123873;ARMOR MEXICO IMAGING SUPPLIES;income;IAD02;1000;sea;C0001 ARMOR MEXICO IMAGING SUPPLIES;;24/02/2026;MXN;5.222,10;835,54;5.222,10;835,54;17/12/2025;17/12/2025;1-003726;02/03/2026 19:01
2253;CGL25123873;ARMOR MEXICO IMAGING SUPPLIES;income;IAT02;1000;sea;C0001 ARMOR MEXICO IMAGING SUPPLIES;;24/02/2026;MXN;29.072,04;4.651,53;29.072,04;4.651,53;17/12/2025;17/12/2025;1-003726;02/03/2026 19:01
2251;CGL25123873;ARMOR MEXICO IMAGING SUPPLIES;payable;CAD02;1000;sea;P0023 CS CARGA FORWARDERS;MNZ01292;24/02/2026;MXN;4.325,00;692;4.325,00;692;17/12/2025;17/12/2025;8709;02/03/2026 19:01
2250;CGL25123873;ARMOR MEXICO IMAGING SUPPLIES;income;IEX04;1000;sea;C0001 ARMOR MEXICO IMAGING SUPPLIES;;24/02/2026;MXN;650;104;650;104;17/12/2025;17/12/2025;1-003726;02/03/2026 19:01
2248;CGL25123873;ARMOR MEXICO IMAGING SUPPLIES;payable;CAT02;1000;sea;P0999 COMPROBADOS CS CARGA;CMNZ01292;24/02/2026;MXN;17.507,95;2.801,27;17.507,95;2.801,27;17/12/2025;17/12/2025;8714;02/03/2026 19:01
2247;CGL25123903;ARMOR MEXICO IMAGING SUPPLIES;income;IAD03;1000;sea;C0001 ARMOR MEXICO IMAGING SUPPLIES;;24/02/2026;MXN;3.000,00;480;3.000,00;480;31/12/2025;31/12/2025;1-003727;02/03/2026 19:01
2245;CGL25123903;ARMOR MEXICO IMAGING SUPPLIES;income;IAT02;1000;sea;C0001 ARMOR MEXICO IMAGING SUPPLIES;;24/02/2026;MXN;29.072,04;4.651,53;29.072,04;4.651,53;31/12/2025;31/12/2025;1-003727;02/03/2026 19:01
2244;CGL25123903;ARMOR MEXICO IMAGING SUPPLIES;payable;CAD02;1000;sea;P0023 CS CARGA FORWARDERS;MNZ01291;24/02/2026;MXN;4.325,00;692;4.325,00;692;31/12/2025;31/12/2025;8710;02/03/2026 19:01
2241;CGL25123903;ARMOR MEXICO IMAGING SUPPLIES;payable;CAT02;1000;sea;P0999 COMPROBADOS CS CARGA;CMNZ01291;24/02/2026;MXN;27.381,12;4.380,98;27.381,12;4.380,98;31/12/2025;31/12/2025;8715;02/03/2026 19:01
2240;CGL25123903;ARMOR MEXICO IMAGING SUPPLIES;income;ITR02;1000;sea;C0001 ARMOR MEXICO IMAGING SUPPLIES;;24/02/2026;MXN;5.500,00;880;5.500,00;880;31/12/2025;31/12/2025;1-003727;02/03/2026 19:01
2239;CGL25123903;ARMOR MEXICO IMAGING SUPPLIES;payable;CTR03;1000;sea;P0999 COMPROBADOS CS CARGA;CMNZ01291;24/02/2026;MXN;232,76;37,24;232,76;37,24;31/12/2025;31/12/2025;8715;02/03/2026 19:01
2238;CGL25123903;ARMOR MEXICO IMAGING SUPPLIES;income;IEX01;1000;sea;C0001 ARMOR MEXICO IMAGING SUPPLIES;;24/02/2026;MXN;3.174,96;507,99;3.174,96;507,99;31/12/2025;31/12/2025;1-003727;02/03/2026 19:01
2236;CGL25123903;ARMOR MEXICO IMAGING SUPPLIES;income;IEX04;1000;sea;C0001 ARMOR MEXICO IMAGING SUPPLIES;;24/02/2026;MXN;650;104;650;104;31/12/2025;31/12/2025;1-003727;02/03/2026 19:01
2234;CGL25123903;ARMOR MEXICO IMAGING SUPPLIES;income;ITR03;1000;sea;C0001 ARMOR MEXICO IMAGING SUPPLIES;;24/02/2026;MXN;1.374,04;219,85;1.374,04;219,85;31/12/2025;31/12/2025;1-003727;02/03/2026 19:01
2233;CGL25123903;ARMOR MEXICO IMAGING SUPPLIES;payable;CTR03;1000;sea;P0999 COMPROBADOS CS CARGA;CMNZ01291;24/02/2026;MXN;1.116,00;0;1.116,00;0;31/12/2025;31/12/2025;8715;02/03/2026 19:01
2228;CGL25123903;ARMOR MEXICO IMAGING SUPPLIES;income;ITR02;1000;sea;C0001 ARMOR MEXICO IMAGING SUPPLIES;;24/02/2026;MXN;58.600,00;9.376,00;58.600,00;9.376,00;31/12/2025;31/12/2025;1-003727;02/03/2026 19:01
2227;CGL25123903;ARMOR MEXICO IMAGING SUPPLIES;income;IAD02;1000;sea;C0001 ARMOR MEXICO IMAGING SUPPLIES;;24/02/2026;MXN;5.175,96;828,15;5.175,96;828,15;31/12/2025;31/12/2025;1-003727;02/03/2026 19:01
2226;CGL25123903;ARMOR MEXICO IMAGING SUPPLIES;payable;CEX01;1000;sea;P0999 COMPROBADOS CS CARGA;CMNZ01291;24/02/2026;MXN;2.760,84;441,73;2.760,84;441,73;31/12/2025;31/12/2025;8715;02/03/2026 19:01
2221;CGL25113781;JOINT PRODUCTION;payable;PT01;1000;sea;P0989 COMPROBADOS GRUPO CAMILI;26 16 1780 6000628;24/02/2026;MXN;973;0;973;0;26/11/2025;26/11/2025;8706;02/03/2026 19:01
2206;CGL26024040;NAPS-GUANAJUATO;payable;PT01;2000;road;P0997 TESORERIA DE LA FEDERACION;26 24 3482 6008544;24/02/2026;MXN;383;0;383;0;06/02/2026;06/02/2026;8704;02/03/2026 19:01
2188;CGL26013914;ARMOR MEXICO IMAGING SUPPLIES;income;ITR02;1000;sea;C0001 ARMOR MEXICO IMAGING SUPPLIES;;24/02/2026;MXN;29.900,00;4.784,00;29.900,00;4.784,00;07/01/2026;07/01/2026;1-003725;02/03/2026 19:01
2187;CGL26013914;ARMOR MEXICO IMAGING SUPPLIES;income;IAD09;1000;sea;C0001 ARMOR MEXICO IMAGING SUPPLIES;;24/02/2026;MXN;1.725,00;276;1.725,00;276;07/01/2026;07/01/2026;1-003725;02/03/2026 19:01
2186;CGL26013914;ARMOR MEXICO IMAGING SUPPLIES;payable;CAD02;1000;sea;P0023 CS CARGA FORWARDERS;MNZ01297;24/02/2026;MXN;3.525,00;564;3.525,00;564;07/01/2026;07/01/2026;8695;02/03/2026 19:01
2185;CGL26013914;ARMOR MEXICO IMAGING SUPPLIES;payable;CTR01;1000;sea;P0999 COMPROBADOS CS CARGA;CMNZ01297;24/02/2026;MXN;3.714,60;594,34;3.714,60;594,34;07/01/2026;07/01/2026;8700;02/03/2026 19:01
2184;CGL26013914;ARMOR MEXICO IMAGING SUPPLIES;income;IAT02;1000;sea;C0001 ARMOR MEXICO IMAGING SUPPLIES;;24/02/2026;MXN;29.072,04;4.651,53;29.072,04;4.651,53;07/01/2026;07/01/2026;1-003725;02/03/2026 19:01
2183;CGL26013914;ARMOR MEXICO IMAGING SUPPLIES;income;IAD02;1000;sea;C0001 ARMOR MEXICO IMAGING SUPPLIES;;24/02/2026;MXN;5.170,50;827,28;5.170,50;827,28;07/01/2026;07/01/2026;1-003725;02/03/2026 19:01
2182;CGL26013914;ARMOR MEXICO IMAGING SUPPLIES;income;IEX01;1000;sea;C0001 ARMOR MEXICO IMAGING SUPPLIES;;24/02/2026;MXN;5.123,25;819,72;5.123,25;819,72;07/01/2026;07/01/2026;1-003725;02/03/2026 19:01
2181;CGL26013914;ARMOR MEXICO IMAGING SUPPLIES;payable;CAD07;1000;sea;P0023 CS CARGA FORWARDERS;MNZ01297;24/02/2026;MXN;1.500,00;240;1.500,00;240;07/01/2026;07/01/2026;8695;02/03/2026 19:01
2179;CGL26013914;ARMOR MEXICO IMAGING SUPPLIES;payable;CEX01;1000;sea;P0999 COMPROBADOS CS CARGA;CMNZ01297;24/02/2026;MXN;4.455,00;712,8;4.455,00;712,8;07/01/2026;07/01/2026;8700;02/03/2026 19:01
2176;CGL26013914;ARMOR MEXICO IMAGING SUPPLIES;payable;CAT02;1000;sea;P0999 COMPROBADOS CS CARGA;CMNZ01297;24/02/2026;MXN;15.503,39;2.480,54;15.503,39;2.480,54;07/01/2026;07/01/2026;8700;02/03/2026 19:01
2169;CGL26013928;ARMOR MEXICO IMAGING SUPPLIES;income;IEX01;1000;sea;C0001 ARMOR MEXICO IMAGING SUPPLIES;;24/02/2026;MXN;3.105,60;496,9;3.105,60;496,9;12/01/2026;12/01/2026;1-003724;02/03/2026 19:01
2168;CGL26013928;ARMOR MEXICO IMAGING SUPPLIES;payable;CAT02;1000;sea;P0999 COMPROBADOS CS CARGA;CMNZ01290;24/02/2026;MXN;27.056,45;4.329,03;27.056,45;4.329,03;12/01/2026;12/01/2026;8702;02/03/2026 19:01
2167;CGL26013928;ARMOR MEXICO IMAGING SUPPLIES;income;ITR02;1000;sea;C0001 ARMOR MEXICO IMAGING SUPPLIES;;24/02/2026;MXN;66.000,00;10.560,00;66.000,00;10.560,00;12/01/2026;12/01/2026;1-003724;02/03/2026 19:01
2164;CGL26013928;ARMOR MEXICO IMAGING SUPPLIES;payable;CEX01;1000;sea;P0999 COMPROBADOS CS CARGA;CMNZ01290;24/02/2026;MXN;2.700,53;432,08;2.700,53;432,08;12/01/2026;12/01/2026;8702;02/03/2026 19:01
2163;CGL26013928;ARMOR MEXICO IMAGING SUPPLIES;income;IEX04;1000;sea;C0001 ARMOR MEXICO IMAGING SUPPLIES;;24/02/2026;MXN;650;104;650;104;12/01/2026;12/01/2026;1-003724;02/03/2026 19:01
2162;CGL26013928;ARMOR MEXICO IMAGING SUPPLIES;income;IAT02;1000;sea;C0001 ARMOR MEXICO IMAGING SUPPLIES;;24/02/2026;MXN;31.114,91;4.978,39;31.114,91;4.978,39;12/01/2026;12/01/2026;1-003724;02/03/2026 19:01
2161;CGL26013928;ARMOR MEXICO IMAGING SUPPLIES;payable;CAD02;1000;sea;P0023 CS CARGA FORWARDERS;MNZ01290;24/02/2026;MXN;4.325,00;692;4.325,00;692;12/01/2026;12/01/2026;8703;02/03/2026 19:01
2160;CGL26013928;ARMOR MEXICO IMAGING SUPPLIES;income;IAD02;1000;sea;C0001 ARMOR MEXICO IMAGING SUPPLIES;;24/02/2026;MXN;5.170,71;827,31;5.170,71;827,31;12/01/2026;12/01/2026;1-003724;02/03/2026 19:01
2133;CGL26013978;JOINT PRODUCTION;income;IAD02;1000;air;C0069 JOINT PRODUCTION;;24/02/2026;MXN;7.200,00;1.152,00;7.200,00;1.152,00;23/01/2026;23/01/2026;1-003729;02/03/2026 19:01
2132;CGL26013978;JOINT PRODUCTION;income;PT01;1000;air;C0069 JOINT PRODUCTION;;24/02/2026;MXN;383;0;383;0;23/01/2026;23/01/2026;1-003729;02/03/2026 19:01
2130;CGL26013978;JOINT PRODUCTION;income;IAT02;1000;air;C0069 JOINT PRODUCTION;;24/02/2026;MXN;2.520,77;403,32;2.520,77;403,32;23/01/2026;23/01/2026;1-003729;02/03/2026 19:01
2127;CGL26024093;ARMOR MEXICO IMAGING SUPPLIES;income;ITR02;2000;road;C0001 ARMOR MEXICO IMAGING SUPPLIES;;24/02/2026;MXN;37.500,00;6.000,00;37.500,00;6.000,00;16/02/2026;16/02/2026;2-003723;02/03/2026 19:00
2126;CGL26024093;ARMOR MEXICO IMAGING SUPPLIES;income;IAD02;2000;road;C0001 ARMOR MEXICO IMAGING SUPPLIES;;24/02/2026;MXN;4.500,00;720;4.500,00;720;16/02/2026;16/02/2026;2-003723;02/03/2026 19:00
2111;CGL25123864;TRANSPORT RICH LOGISTIC SAS;income;PT01;1000;sea;C0106 DUNCAN MEXICO INCOMET;;24/02/2026;MXN;444;0;444;0;16/12/2025;16/12/2025;1-003722;02/03/2026 19:00
2105;CGL25123864;TRANSPORT RICH LOGISTIC SAS;income;PT01;1000;sea;C0106 DUNCAN MEXICO INCOMET;;24/02/2026;MXN;846;0;846;0;16/12/2025;16/12/2025;1-003722;02/03/2026 19:00
2104;CGL25123864;TRANSPORT RICH LOGISTIC SAS;income;IAD02;1000;sea;C0106 DUNCAN MEXICO INCOMET;;24/02/2026;MXN;3.000,00;480;3.000,00;480;16/12/2025;16/12/2025;1-003722;02/03/2026 19:00
2097;CGL26024105;JOINT PRODUCTION;income;ITR02;2000;road;C0081 JOINT PRODUCTION;;24/02/2026;MXN;22.000,00;3.520,00;22.000,00;3.520,00;19/02/2026;19/02/2026;2-003721;02/03/2026 19:00
2354;CGL26024080;JOINT PRODUCTION;payable;CAT02;1000;air;P0989 COMPROBADOS GRUPO CAMILI;C65635;23/02/2026;MXN;8.151,87;1.304,30;8.151,87;1.304,30;13/02/2026;13/02/2026;8682;02/03/2026 19:01
2353;CGL26024080;JOINT PRODUCTION;payable;CAT02;1000;air;P0989 COMPROBADOS GRUPO CAMILI;C65634;23/02/2026;MXN;37.011,87;5.921,90;37.011,87;5.921,90;13/02/2026;13/02/2026;8681;02/03/2026 19:01
2352;CGL26024080;JOINT PRODUCTION;payable;CAD02;1000;air;P0013 GRUPO CAMILI;65635;23/02/2026;MXN;4.900,00;784;4.900,00;784;13/02/2026;13/02/2026;8678;02/03/2026 19:01
2351;CGL26024080;JOINT PRODUCTION;payable;CAD02;1000;air;P0013 GRUPO CAMILI;65634;23/02/2026;MXN;4.900,00;784;4.900,00;784;13/02/2026;13/02/2026;8677;02/03/2026 19:01
2348;CGL26024079;JOINT PRODUCTION;payable;CAD02;1000;air;P0013 GRUPO CAMILI;65651;23/02/2026;MXN;4.900,00;784;4.900,00;784;13/02/2026;13/02/2026;8689;02/03/2026 19:01
2346;CGL26024079;JOINT PRODUCTION;payable;CAT02;1000;air;P0989 COMPROBADOS GRUPO CAMILI;C65651;23/02/2026;MXN;9.828,75;1.572,60;9.828,75;1.572,60;13/02/2026;13/02/2026;8696;02/03/2026 19:01
2343;CGL26024078;JOINT PRODUCTION;payable;CAD07;1000;air;P0013 GRUPO CAMILI;65646;23/02/2026;MXN;1.000,00;160;1.000,00;160;13/02/2026;13/02/2026;8691;02/03/2026 19:01
2341;CGL26024078;JOINT PRODUCTION;payable;CAD02;1000;air;P0013 GRUPO CAMILI;65646;23/02/2026;MXN;4.900,00;784;4.900,00;784;13/02/2026;13/02/2026;8691;02/03/2026 19:01
2339;CGL26024078;JOINT PRODUCTION;payable;CAT02;1000;air;P0989 COMPROBADOS GRUPO CAMILI;C65646;23/02/2026;MXN;14.495,87;2.319,34;14.495,87;2.319,34;13/02/2026;13/02/2026;8698;02/03/2026 19:01
2335;CGL26024077;JOINT PRODUCTION;payable;CAD02;1000;air;P0013 GRUPO CAMILI;65645;23/02/2026;MXN;4.900,00;784;4.900,00;784;13/02/2026;13/02/2026;8690;02/03/2026 19:01
2334;CGL26024077;JOINT PRODUCTION;payable;CAD07;1000;air;P0013 GRUPO CAMILI;65645;23/02/2026;MXN;1.000,00;160;1.000,00;160;13/02/2026;13/02/2026;8690;02/03/2026 19:01
2333;CGL26024077;JOINT PRODUCTION;payable;CAT02;1000;air;P0989 COMPROBADOS GRUPO CAMILI;C65645;23/02/2026;MXN;105.738,75;16.918,20;105.738,75;16.918,20;13/02/2026;13/02/2026;8697;02/03/2026 19:01
2332;CGL26024066;JOINT PRODUCTION;payable;CAT02;1000;air;P0989 COMPROBADOS GRUPO CAMILI;C65633;23/02/2026;MXN;52.854,75;8.456,76;52.854,75;8.456,76;09/02/2026;09/02/2026;8683;02/03/2026 19:01
2329;CGL26024066;JOINT PRODUCTION;payable;CAD02;1000;air;P0013 GRUPO CAMILI;65633;23/02/2026;MXN;4.900,00;784;4.900,00;784;09/02/2026;09/02/2026;8679;02/03/2026 19:01
2320;CGL26024065;JOINT PRODUCTION;payable;CAD02;1000;air;P0013 GRUPO CAMILI;65647;23/02/2026;MXN;4.900,00;784;4.900,00;784;09/02/2026;09/02/2026;8692;02/03/2026 19:01
2316;CGL26024065;JOINT PRODUCTION;payable;CAT02;1000;air;P0989 COMPROBADOS GRUPO CAMILI;C65647;23/02/2026;MXN;358.461,24;57.353,80;358.461,24;57.353,80;09/02/2026;09/02/2026;8699;02/03/2026 19:01
2280;CGL26013944;NAPS-GUANAJUATO;payable;PT01;2000;road;P0997 TESORERIA DE LA FEDERACION;26 24 1780 6000061;23/02/2026;MXN;73.907,00;0;73.907,00;0;16/01/2026;16/01/2026;8708;02/03/2026 19:01
2271;CGL26024057;JOINT PRODUCTION;payable;CAD02;1000;air;P0013 GRUPO CAMILI;65642;23/02/2026;MXN;4.570,00;731,2;4.570,00;731,2;07/02/2026;07/02/2026;8676;02/03/2026 19:01
2270;CGL26024057;JOINT PRODUCTION;payable;CAT02;1000;air;P0989 COMPROBADOS GRUPO CAMILI;C65642;23/02/2026;MXN;23.775,44;3.804,07;23.775,44;3.804,07;07/02/2026;07/02/2026;8680;02/03/2026 19:01
2268;CGL26024057;JOINT PRODUCTION;payable;CAD02;1000;air;P0013 GRUPO CAMILI;65642;23/02/2026;MXN;800;128;800;128;07/02/2026;07/02/2026;8676;02/03/2026 19:01
2266;CGL26024057;JOINT PRODUCTION;payable;PT01;1000;air;P0989 COMPROBADOS GRUPO CAMILI;26 85 1780 6000052;23/02/2026;MXN;104.327,00;0;104.327,00;0;07/02/2026;07/02/2026;8685;02/03/2026 19:01
2128;CGL26024093;ARMOR MEXICO IMAGING SUPPLIES;payable;CAD02;2000;road;P0013 GRUPO CAMILI;65632;23/02/2026;MXN;2.510,00;200,8;2.510,00;200,8;16/02/2026;16/02/2026;8667;02/03/2026 19:00
2095;CGL26013992;NAPS-GUANAJUATO;income;IAD02;1000;air;C0002 NAPS-GUANAJUATO;;23/02/2026;MXN;6.000,00;960;6.000,00;960;23/01/2026;23/01/2026;1-003720;02/03/2026 19:00
2094;CGL26013992;NAPS-GUANAJUATO;income;IAT02;1000;air;C0002 NAPS-GUANAJUATO;;23/02/2026;MXN;2.740,00;438,4;2.740,00;438,4;23/01/2026;23/01/2026;1-003720;02/03/2026 19:00
2091;CGL26013992;NAPS-GUANAJUATO;income;PT01;1000;air;C0002 NAPS-GUANAJUATO;;23/02/2026;MXN;383;0;383;0;23/01/2026;23/01/2026;1-003720;02/03/2026 19:00
2394;CGL26024112;NAPS-GUANAJUATO;payable;CTR03;1000;air;P0045 PROMOTORA AMACARGA SAPI DE CV;108792;22/02/2026;MXN;20;3,2;20;3,2;22/02/2026;22/02/2026;8745;02/03/2026 19:01
2291;CGL25103668;ARMOR MEXICO IMAGING SUPPLIES;payable;CEX01;1000;sea;P0999 COMPROBADOS CS CARGA;CVER00273;21/02/2026;MXN;2.945,60;471,3;2.945,60;471,3;29/10/2025;29/10/2025;8713;02/03/2026 19:01
2286;CGL25103668;ARMOR MEXICO IMAGING SUPPLIES;payable;CAD02;1000;sea;P0023 CS CARGA FORWARDERS;VER00273;21/02/2026;MXN;3.705,00;592,8;3.705,00;592,8;29/10/2025;29/10/2025;8707;02/03/2026 19:01
2284;CGL25103668;ARMOR MEXICO IMAGING SUPPLIES;payable;CAT02;1000;sea;P0999 COMPROBADOS CS CARGA;CVER00273;21/02/2026;MXN;8.036,89;1.285,90;8.036,89;1.285,90;29/10/2025;29/10/2025;8713;02/03/2026 19:01
2259;CGL26024106;JOINT PRODUCTION;payable;CTR02;2000;road;P0140 AUTO FLETES OMEGA;L65040;20/02/2026;USD;600;0;10.283,52;0;19/02/2026;19/02/2026;8674;02/03/2026 19:01
2134;CGL26013978;JOINT PRODUCTION;payable;CAT02;1000;air;P0993 COMPROBADOS LEVISA MONTERREY AGENCIA ADUANAL;C94095;20/02/2026;MXN;2.191,98;350,72;2.191,98;350,72;23/01/2026;23/01/2026;8671;02/03/2026 19:01
2131;CGL26013978;JOINT PRODUCTION;payable;CAD02;1000;air;P0112 LEVISA MONTERREY AGENCIA ADUANAL;94095;20/02/2026;MXN;3.070,00;491,2;3.070,00;491,2;23/01/2026;23/01/2026;8670;02/03/2026 19:01
2096;CGL26013992;NAPS-GUANAJUATO;payable;CAT02;1000;air;P0989 COMPROBADOS GRUPO CAMILI;C65620;20/02/2026;MXN;2.028,74;324,6;2.028,74;324,6;23/01/2026;23/01/2026;8662;02/03/2026 19:00
2093;CGL26013992;NAPS-GUANAJUATO;payable;CAD02;1000;air;P0013 GRUPO CAMILI;65620;20/02/2026;MXN;4.000,00;640;4.000,00;640;23/01/2026;23/01/2026;8658;02/03/2026 19:00
2092;CGL26013992;NAPS-GUANAJUATO;payable;PT01;1000;air;P0989 COMPROBADOS GRUPO CAMILI;26 47 1780 6000024;20/02/2026;MXN;383;0;383;0;23/01/2026;23/01/2026;8661;02/03/2026 19:00
2431;CGL26024108;JOINT PRODUCTION;payable;CTR02;2000;road;P0144 AUTO EXPRESS LA SILLA;E53337;19/02/2026;USD;5.615,00;0;96.439,31;0;20/02/2026;20/02/2026;8657;02/03/2026 19:02
2377;CGL26024060;JOINT PRODUCTION;payable;CAD02;2000;road;P0013 GRUPO CAMILI;65603;19/02/2026;MXN;2.510,00;200,8;2.510,00;200,8;06/02/2026;06/02/2026;8684;02/03/2026 19:01
2375;CGL26024060;JOINT PRODUCTION;payable;CAD02;2000;road;P0179 CAMILI FORWARDING ING;32781;19/02/2026;USD;95;0;1.631,65;0;06/02/2026;06/02/2026;8686;02/03/2026 19:01
2374;CGL26024060;JOINT PRODUCTION;payable;CAD02;2000;road;P0179 CAMILI FORWARDING ING;32781;19/02/2026;USD;320;0;5.496,10;0;06/02/2026;06/02/2026;8686;02/03/2026 19:01
2328;CGL26024062;JOINT PRODUCTION;payable;CAD02;1000;air;P0013 GRUPO CAMILI;65606;19/02/2026;MXN;4.900,00;784;4.900,00;784;09/02/2026;09/02/2026;8673;02/03/2026 19:01
2327;CGL26024062;JOINT PRODUCTION;payable;CAT02;1000;air;P0989 COMPROBADOS GRUPO CAMILI;C65606;19/02/2026;MXN;233.462,72;37.354,04;233.462,72;37.354,04;09/02/2026;09/02/2026;8675;02/03/2026 19:01
2323;CGL26024062;JOINT PRODUCTION;payable;CAD02;1000;air;P0013 GRUPO CAMILI;65606;19/02/2026;MXN;1.000,00;160;1.000,00;160;09/02/2026;09/02/2026;8673;02/03/2026 19:01
2301;CGL26024082;NAPS-GUANAJUATO;payable;CTR06;1000;air;P0004 MARIA ELENA SUAREZ GARCIA;B ? 3890;19/02/2026;MXN;9.000,00;1.440,00;9.000,00;1.440,00;15/02/2026;15/02/2026;8669;02/03/2026 19:01
2263;CGL26024107;JOINT PRODUCTION;payable;CEX02;2000;road;P0140 AUTO FLETES OMEGA;L65031;19/02/2026;USD;100;0;1.717,53;0;18/02/2026;18/02/2026;8672;02/03/2026 19:01
2262;CGL26024107;JOINT PRODUCTION;payable;CTR02;2000;road;P0140 AUTO FLETES OMEGA;L65031;19/02/2026;USD;600;0;10.305,18;0;18/02/2026;18/02/2026;8672;02/03/2026 19:01
2148;CGL26024064;JOINT PRODUCTION;payable;PT01;1000;air;P0989 COMPROBADOS GRUPO CAMILI;26 85 1780 6000053;19/02/2026;MXN;1.307,00;0;1.307,00;0;09/02/2026;09/02/2026;8665;02/03/2026 19:01
2147;CGL26024064;JOINT PRODUCTION;payable;CAD07;1000;air;P0013 GRUPO CAMILI;65604;19/02/2026;MXN;1.000,00;160;1.000,00;160;09/02/2026;09/02/2026;8687;02/03/2026 19:01
2146;CGL26024064;JOINT PRODUCTION;payable;CAT02;1000;air;P0989 COMPROBADOS GRUPO CAMILI;C65604;19/02/2026;MXN;8.110,76;1.297,72;8.110,76;1.297,72;09/02/2026;09/02/2026;8688;02/03/2026 19:01
2145;CGL26024064;JOINT PRODUCTION;payable;CAD02;1000;air;P0013 GRUPO CAMILI;65611;19/02/2026;MXN;70;11,2;70;11,2;09/02/2026;09/02/2026;8664;02/03/2026 19:01
2144;CGL26024064;JOINT PRODUCTION;payable;CAD02;1000;air;P0013 GRUPO CAMILI;65604;19/02/2026;MXN;4.900,00;784;4.900,00;784;09/02/2026;09/02/2026;8687;02/03/2026 19:01
2141;CGL26024063;JOINT PRODUCTION;payable;CAT02;1000;air;P0989 COMPROBADOS GRUPO CAMILI;C65605;19/02/2026;MXN;9.828,75;1.572,60;9.828,75;1.572,60;09/02/2026;09/02/2026;8663;02/03/2026 19:01
2139;CGL26024063;JOINT PRODUCTION;payable;CAD02;1000;air;P0013 GRUPO CAMILI;65605;19/02/2026;MXN;4.900,00;784;4.900,00;784;09/02/2026;09/02/2026;8659;02/03/2026 19:01
2137;CGL26024063;JOINT PRODUCTION;payable;CAD07;1000;air;P0013 GRUPO CAMILI;65605;19/02/2026;MXN;1.000,00;160;1.000,00;160;09/02/2026;09/02/2026;8659;02/03/2026 19:01
2129;CGL26024093;ARMOR MEXICO IMAGING SUPPLIES;payable;CTR02;2000;road;P0140 AUTO FLETES OMEGA;L65029;19/02/2026;MXN;25.000,00;0;25.000,00;0;16/02/2026;16/02/2026;8668;02/03/2026 19:00
2098;CGL26024105;JOINT PRODUCTION;payable;CTR02;2000;road;P0140 AUTO FLETES OMEGA;L65025;19/02/2026;USD;600;0;10.305,18;0;19/02/2026;19/02/2026;8660;02/03/2026 19:00
2521;CGL25123863;MEGALUMINIO SERVICIOS;payable;PT01;1000;sea;P0997 TESORERIA DE LA FEDERACION;26 16 1742 6000464;18/02/2026;MXN;45.890,00;0;45.890,00;0;16/12/2025;16/12/2025;8642;02/03/2026 19:02
2414;CGL25123856;JOINT PRODUCTION;payable;CTR07;1000;sea;P0992 COMPROBADOS CORPORATIVO ADUANAL ROBLES;C52401 - FACMZO;17/02/2026;MXN;1.250,00;200;1.250,00;200;12/12/2025;12/12/2025;8701;02/03/2026 19:01
2252;CGL25123873;ARMOR MEXICO IMAGING SUPPLIES;payable;CTR07;1000;sea;P0170 FREIGHTPOWER SOLUTIONS;FAC00376;17/02/2026;MXN;550;88;550;88;17/12/2025;17/12/2025;8622;02/03/2026 19:01
2202;CGL26024037;NAPS-GUANAJUATO;payable;CAD02;2000;road;P0013 GRUPO CAMILI;65540;16/02/2026;MXN;2.210,00;176,8;2.210,00;176,8;06/02/2026;06/02/2026;8653;02/03/2026 19:01
2201;CGL26024037;NAPS-GUANAJUATO;payable;CAD02;2000;road;P0013 GRUPO CAMILI;65540;16/02/2026;MXN;600;48;600;48;06/02/2026;06/02/2026;8653;02/03/2026 19:01
2197;CGL26024042;NAPS-GUANAJUATO;payable;CAD02;2000;road;P0013 GRUPO CAMILI;65539;16/02/2026;MXN;2.210,00;176,8;2.210,00;176,8;06/02/2026;06/02/2026;8652;02/03/2026 19:01
2195;CGL26024042;NAPS-GUANAJUATO;payable;CAD02;2000;road;P0013 GRUPO CAMILI;65539;16/02/2026;MXN;600;48;600;48;06/02/2026;06/02/2026;8652;02/03/2026 19:01
2194;CGL26024042;NAPS-GUANAJUATO;payable;CTR08;2000;road;P0989 COMPROBADOS GRUPO CAMILI;C65539;16/02/2026;MXN;1.187,50;95;1.187,50;95;06/02/2026;06/02/2026;8654;02/03/2026 19:01
2302;CGL26024082;NAPS-GUANAJUATO;payable;CTR03;1000;air;P0045 PROMOTORA AMACARGA SAPI DE CV;108557;15/02/2026;MXN;20;3,2;20;3,2;15/02/2026;15/02/2026;8711;02/03/2026 19:01
2249;CGL25123873;ARMOR MEXICO IMAGING SUPPLIES;payable;CTR06;1000;sea;P0170 FREIGHTPOWER SOLUTIONS;FAC00374;14/02/2026;MXN;52.000,00;8.320,00;52.000,00;8.320,00;17/12/2025;17/12/2025;8621;02/03/2026 19:01
2257;CGL26024075;JOINT PRODUCTION;payable;CTR02;2000;road;P0105 ARALO LOGISTICS;AES02041;13/02/2026;USD;650;0;11.190,08;0;10/02/2026;10/02/2026;8610;02/03/2026 19:01
2225;CGL25113781;JOINT PRODUCTION;income;IEX01;1000;sea;C0069 JOINT PRODUCTION;;13/02/2026;MXN;35.473,00;5.675,68;35.473,00;5.675,68;26/11/2025;26/11/2025;1-003691;02/03/2026 19:01
2218;CGL25113781;JOINT PRODUCTION;income;IEX04;1000;sea;C0069 JOINT PRODUCTION;;13/02/2026;MXN;4.050,00;648;4.050,00;648;26/11/2025;26/11/2025;1-003691;02/03/2026 19:01
2216;CGL25113781;JOINT PRODUCTION;income;IAT02;1000;sea;C0069 JOINT PRODUCTION;;13/02/2026;MXN;180.557,00;28.889,12;180.557,00;28.889,12;26/11/2025;26/11/2025;1-003691;02/03/2026 19:01
2214;CGL25113781;JOINT PRODUCTION;income;IAD02;1000;sea;C0069 JOINT PRODUCTION;;13/02/2026;MXN;43.200,00;6.912,00;43.200,00;6.912,00;26/11/2025;26/11/2025;1-003691;02/03/2026 19:01
2213;CGL25113781;JOINT PRODUCTION;income;PT01;1000;sea;C0069 JOINT PRODUCTION;;13/02/2026;MXN;845;0;845;0;26/11/2025;26/11/2025;1-003691;02/03/2026 19:01
2177;CGL26013914;ARMOR MEXICO IMAGING SUPPLIES;payable;CTR06;1000;sea;P0170 FREIGHTPOWER SOLUTIONS;FAC00373;13/02/2026;MXN;23.000,00;3.680,00;23.000,00;3.680,00;07/01/2026;07/01/2026;8623;02/03/2026 19:01
2443;CGL26024074;GSI ASIA PACIFIC, CO. LIMITED;payable;CTR02;2000;air;P0164 EVER-LOGISTICS INTERNATIONAL FORWARDING LTD;ETHKGDC260202322;12/02/2026;USD;415;0;7.151,07;0;10/02/2026;10/02/2026;8580;02/03/2026 19:02
2440;CGL26024074;GSI ASIA PACIFIC, CO. LIMITED;payable;CTR02;2000;air;P0164 EVER-LOGISTICS INTERNATIONAL FORWARDING LTD;ETHKGDC260202323;12/02/2026;USD;300;0;5.169,45;0;10/02/2026;10/02/2026;8579;02/03/2026 19:02
2436;CGL26024074;GSI ASIA PACIFIC, CO. LIMITED;payable;CTR02;2000;air;P0164 EVER-LOGISTICS INTERNATIONAL FORWARDING LTD;ETHKGDC260202327;12/02/2026;USD;310;0;5.341,77;0;10/02/2026;10/02/2026;8581;02/03/2026 19:02
2407;CGL25123856;JOINT PRODUCTION;payable;CAT02;1000;sea;P0992 COMPROBADOS CORPORATIVO ADUANAL ROBLES;52255 - FACMZO;12/02/2026;MXN;9.600,00;1.536,00;9.600,00;1.536,00;12/12/2025;12/12/2025;8717;02/03/2026 19:01
2293;CGL25103668;ARMOR MEXICO IMAGING SUPPLIES;payable;CTR04;1000;sea;P0126 CORPORATIVO IYOL;E 114;12/02/2026;MXN;4.725,00;756;4.725,00;756;29/10/2025;13/02/2026;8603;02/03/2026 19:01
2243;CGL25123903;ARMOR MEXICO IMAGING SUPPLIES;payable;CTR07;1000;sea;P0170 FREIGHTPOWER SOLUTIONS;FAC00371;12/02/2026;MXN;550;88;550;88;31/12/2025;31/12/2025;8626;02/03/2026 19:01
2237;CGL25123903;ARMOR MEXICO IMAGING SUPPLIES;payable;CTR02;1000;sea;P0170 FREIGHTPOWER SOLUTIONS;FAC00372;12/02/2026;MXN;2.500,00;400;2.500,00;400;31/12/2025;31/12/2025;8625;02/03/2026 19:01
2427;CGL26013982;NAPS-GUANAJUATO;payable;CAD07;2000;road;P0013 GRUPO CAMILI;65525;11/02/2026;MXN;750;60;750;60;23/01/2026;23/01/2026;8595;02/03/2026 19:02
2425;CGL26013982;NAPS-GUANAJUATO;payable;CAD02;2000;road;P0013 GRUPO CAMILI;65525;11/02/2026;MXN;2.960,00;236,8;2.960,00;236,8;23/01/2026;23/01/2026;8595;02/03/2026 19:02
2412;CGL25123856;JOINT PRODUCTION;payable;CTR07;1000;sea;P0011 PROVEEDORA DE BIENES Y SERVICIOS ADUANEROS;PBS ? 538;11/02/2026;MXN;400;64;400;64;12/12/2025;12/12/2025;8582;02/03/2026 19:01
2404;CGL25123856;JOINT PRODUCTION;payable;CTR07;1000;sea;P0011 PROVEEDORA DE BIENES Y SERVICIOS ADUANEROS;PBS ? 539;11/02/2026;MXN;400;64;400;64;12/12/2025;12/12/2025;8583;02/03/2026 19:01
2287;CGL25103668;ARMOR MEXICO IMAGING SUPPLIES;payable;CTR06;1000;sea;P0178 TRANSPORTES GAJA;5091;11/02/2026;MXN;34.950,00;5.592,00;34.950,00;5.592,00;29/10/2025;13/02/2026;8600;02/03/2026 19:01
2272;CGL26024036;NAPS-GUANAJUATO;payable;CAD02;2000;road;P0013 GRUPO CAMILI;65529;11/02/2026;MXN;2.410,00;192,8;2.410,00;192,8;05/02/2026;05/02/2026;8597;02/03/2026 19:01
2199;CGL26024037;NAPS-GUANAJUATO;payable;PT01;2000;road;P0997 TESORERIA DE LA FEDERACION;26 24 3482 6007444;11/02/2026;MXN;383;0;383;0;06/02/2026;06/02/2026;8655;02/03/2026 19:01
2196;CGL26024042;NAPS-GUANAJUATO;payable;PT01;2000;road;P0997 TESORERIA DE LA FEDERACION;26 24 3482 6007443;11/02/2026;MXN;383;0;383;0;06/02/2026;06/02/2026;8656;02/03/2026 19:01
2439;CGL26024074;GSI ASIA PACIFIC, CO. LIMITED;payable;PT02;2000;air;P0995 PAGOS HECHOS POR CUENTAS DE TERCEROS (TER);D31450949;10/02/2026;USD;240,24;0;4.234,91;0;10/02/2026;10/02/2026;8755;02/03/2026 19:02
2359;CGL26024058;JOINT PRODUCTION;payable;PT01;1000;air;P0997 TESORERIA DE LA FEDERACION;26 52 3993 6001417;10/02/2026;MXN;383;0;383;0;06/02/2026;06/02/2026;8571;02/03/2026 19:01
2310;CGL26024029;JOINT PRODUCTION;payable;PT01;1000;air;P0997 TESORERIA DE LA FEDERACION;26 52 3993 6001416;10/02/2026;MXN;383;0;383;0;04/02/2026;04/02/2026;8570;02/03/2026 19:01
2223;CGL25113781;JOINT PRODUCTION;payable;PT01;1000;sea;P0989 COMPROBADOS GRUPO CAMILI;26 16 1780 6000524;10/02/2026;MXN;845;0;845;0;26/11/2025;26/11/2025;8567;02/03/2026 19:01
2222;CGL25113781;JOINT PRODUCTION;payable;CAD02;1000;sea;P0013 GRUPO CAMILI;65498;10/02/2026;MXN;30.270,00;4.843,20;30.270,00;4.843,20;26/11/2025;26/11/2025;8562;02/03/2026 19:01
2274;CGL26024036;NAPS-GUANAJUATO;payable;PT01;2000;road;P0997 TESORERIA DE LA FEDERACION;26 24 1780 6000055;09/02/2026;MXN;30.963,00;0;30.963,00;0;05/02/2026;05/02/2026;8596;02/03/2026 19:01
2125;CGL25123864;TRANSPORT RICH LOGISTIC SAS;income;IAD02;1000;sea;C0108 TRANSPORT RICH LOGISTIC SAS;;09/02/2026;USD;360;0;6.266,52;0;16/12/2025;16/12/2025;1-003673;02/03/2026 19:00
2120;CGL25123864;TRANSPORT RICH LOGISTIC SAS;income;ITR06;1000;sea;C0108 TRANSPORT RICH LOGISTIC SAS;;09/02/2026;USD;250;0;4.351,75;0;16/12/2025;16/12/2025;1-003672;02/03/2026 19:00
2119;CGL25123864;TRANSPORT RICH LOGISTIC SAS;income;ITR06;1000;sea;C0108 TRANSPORT RICH LOGISTIC SAS;;09/02/2026;USD;120;0;2.088,84;0;16/12/2025;16/12/2025;1-003672;02/03/2026 19:00
2116;CGL25123864;TRANSPORT RICH LOGISTIC SAS;income;IAT02;1000;sea;C0108 TRANSPORT RICH LOGISTIC SAS;;09/02/2026;USD;150;0;2.611,05;0;16/12/2025;16/12/2025;1-003673;02/03/2026 19:00
2113;CGL25123864;TRANSPORT RICH LOGISTIC SAS;income;ITR02;1000;sea;C0108 TRANSPORT RICH LOGISTIC SAS;;09/02/2026;USD;2.480,00;0;43.169,36;0;16/12/2025;16/12/2025;1-003673;02/03/2026 19:00
2112;CGL25123864;TRANSPORT RICH LOGISTIC SAS;income;IAT02;1000;sea;C0108 TRANSPORT RICH LOGISTIC SAS;;09/02/2026;USD;1.200,00;0;20.888,40;0;16/12/2025;16/12/2025;1-003673;02/03/2026 19:00
2109;CGL25123864;TRANSPORT RICH LOGISTIC SAS;income;ITR02;1000;sea;C0108 TRANSPORT RICH LOGISTIC SAS;;09/02/2026;USD;2.205,00;0;38.382,44;0;16/12/2025;16/12/2025;1-003673;02/03/2026 19:00
2108;CGL25123864;TRANSPORT RICH LOGISTIC SAS;income;IAT02;1000;sea;C0108 TRANSPORT RICH LOGISTIC SAS;;09/02/2026;USD;230;0;4.003,61;0;16/12/2025;16/12/2025;1-003672;02/03/2026 19:00
2430;CGL26013982;NAPS-GUANAJUATO;payable;PT01;2000;road;P0997 TESORERIA DE LA FEDERACION;26 24 1780 6000054;06/02/2026;MXN;845;0;845;0;23/01/2026;23/01/2026;8569;02/03/2026 19:02
2363;CGL26024016;JOINT PRODUCTION;payable;CTR02;2000;road;P0105 ARALO LOGISTICS;AES01975;06/02/2026;USD;650;0;11.240,13;0;03/02/2026;03/02/2026;8693;02/03/2026 19:01
2242;CGL25123903;ARMOR MEXICO IMAGING SUPPLIES;payable;CTR02;1000;sea;P0170 FREIGHTPOWER SOLUTIONS;FAC00368;06/02/2026;MXN;52.000,00;8.320,00;52.000,00;8.320,00;31/12/2025;31/12/2025;8624;02/03/2026 19:01
2166;CGL26013928;ARMOR MEXICO IMAGING SUPPLIES;payable;CTR07;1000;sea;P0170 FREIGHTPOWER SOLUTIONS;FAC00367;06/02/2026;MXN;550;88;550;88;12/01/2026;12/01/2026;8547;02/03/2026 19:01
2156;CGL26013997;NAPS-GUANAJUATO;payable;CAD07;1000;air;P0013 GRUPO CAMILI;65433;05/02/2026;MXN;1.300,00;208;1.300,00;208;28/01/2026;28/01/2026;8551;02/03/2026 19:01
2154;CGL26013997;NAPS-GUANAJUATO;payable;CAD02;1000;air;P0013 GRUPO CAMILI;65433;05/02/2026;MXN;4.970,00;795,2;4.970,00;795,2;28/01/2026;28/01/2026;8551;02/03/2026 19:01
2152;CGL26013997;NAPS-GUANAJUATO;payable;CAT02;1000;air;P0989 COMPROBADOS GRUPO CAMILI;C65433;05/02/2026;MXN;4.917,00;786,72;4.917,00;786,72;28/01/2026;28/01/2026;8556;02/03/2026 19:01
2165;CGL26013928;ARMOR MEXICO IMAGING SUPPLIES;payable;CTR06;1000;sea;P0170 FREIGHTPOWER SOLUTIONS;FAC00366;04/02/2026;MXN;52.000,00;8.320,00;52.000,00;8.320,00;12/01/2026;12/01/2026;8546;02/03/2026 19:01
2124;CGL25123864;TRANSPORT RICH LOGISTIC SAS;payable;CAD02;1000;sea;P0121 CORPORATIVO ADUANAL ROBLES;19997 - FVER;04/02/2026;MXN;1.340,00;214,4;1.340,00;214,4;16/12/2025;16/12/2025;8548;02/03/2026 19:00
2107;CGL25123864;TRANSPORT RICH LOGISTIC SAS;payable;CTR10;1000;sea;P0177 ZIM MEXICO INTEGRATED SHIPPING SERVICES;MEXP03744;04/02/2026;USD;200;0;3.466,20;0;16/12/2025;16/12/2025;8666;02/03/2026 19:00
2402;CGL25123856;JOINT PRODUCTION;payable;CAD02;1000;sea;P0121 CORPORATIVO ADUANAL ROBLES;51996 - FACMZO;03/02/2026;MXN;8.340,00;1.334,40;8.340,00;1.334,40;12/12/2025;12/12/2025;8539;02/03/2026 19:01
2514;CGL25123863;MEGALUMINIO SERVICIOS;income;ITR02;1000;sea;C0012 MEGALUMINIO SERVICIOS;;30/01/2026;USD;100;0;1.725,32;0;16/12/2025;16/12/2025;1-003641;02/03/2026 19:02
2511;CGL25123863;MEGALUMINIO SERVICIOS;income;ITR03;1000;sea;C0012 MEGALUMINIO SERVICIOS;;30/01/2026;USD;109;0;1.880,60;0;16/12/2025;16/12/2025;1-003641;02/03/2026 19:02
2406;CGL25123856;JOINT PRODUCTION;payable;CEX01;1000;sea;P0992 COMPROBADOS CORPORATIVO ADUANAL ROBLES;C51996 - FACMZO;30/01/2026;MXN;121.476,96;19.436,31;121.476,96;19.436,31;12/12/2025;12/12/2025;8534;02/03/2026 19:01
2400;CGL25123856;JOINT PRODUCTION;payable;CAT02;1000;sea;P0992 COMPROBADOS CORPORATIVO ADUANAL ROBLES;C51996 - FACMZO;30/01/2026;MXN;44.888,34;7.182,13;44.888,34;7.182,13;12/12/2025;12/12/2025;8534;02/03/2026 19:01
2220;CGL25113781;JOINT PRODUCTION;payable;CEX01;1000;sea;P0989 COMPROBADOS GRUPO CAMILI;C65312;30/01/2026;MXN;30.846,63;4.935,46;30.846,63;4.935,46;26/11/2025;26/11/2025;8531;02/03/2026 19:01
2212;CGL25113781;JOINT PRODUCTION;payable;CAT02;1000;sea;P0989 COMPROBADOS GRUPO CAMILI;C65312;30/01/2026;MXN;157.006,71;25.121,07;157.006,71;25.121,07;26/11/2025;26/11/2025;8531;02/03/2026 19:01
2153;CGL26013997;NAPS-GUANAJUATO;payable;PT01;1000;air;P0997 TESORERIA DE LA FEDERACION;26 85 1780 6000041;30/01/2026;MXN;32.752,00;0;32.752,00;0;28/01/2026;28/01/2026;8529;02/03/2026 19:01
2081;CGL25123889;ARMOR MEXICO IMAGING SUPPLIES;payable;CTR07;1000;sea;P0170 FREIGHTPOWER SOLUTIONS;FAC00363;30/01/2026;MXN;550;88;550;88;22/12/2025;22/12/2025;8516;02/02/2026 19:22
2019;CGL25123831;JOINT PRODUCTION;income;IAD02;2000;road;C0069 JOINT PRODUCTION;;30/01/2026;MXN;22.200,00;3.552,00;22.200,00;3.552,00;08/12/2025;08/12/2025;2-003657;02/02/2026 19:22
2016;CGL25123831;JOINT PRODUCTION;income;IAD10;2000;road;C0069 JOINT PRODUCTION;;30/01/2026;MXN;40.200,00;6.432,00;40.200,00;6.432,00;08/12/2025;08/12/2025;2-003657;02/02/2026 19:22
2015;CGL25123831;JOINT PRODUCTION;income;IAD02;2000;road;C0069 JOINT PRODUCTION;;30/01/2026;MXN;1.800,00;288;1.800,00;288;08/12/2025;08/12/2025;2-003657;02/02/2026 19:22
2001;CGL25123867;JOINT PRODUCTION;income;IAD02;2000;road;C0069 JOINT PRODUCTION;;30/01/2026;MXN;3.000,00;480;3.000,00;480;16/12/2025;16/12/2025;2-003656;02/02/2026 19:22
2000;CGL25123867;JOINT PRODUCTION;income;IAD10;2000;road;C0069 JOINT PRODUCTION;;30/01/2026;MXN;93.800,00;15.008,00;93.800,00;15.008,00;16/12/2025;16/12/2025;2-003656;02/02/2026 19:22
1996;CGL25123867;JOINT PRODUCTION;income;IAT02;2000;road;C0069 JOINT PRODUCTION;;30/01/2026;MXN;1.339,75;214,36;1.339,75;214,36;16/12/2025;16/12/2025;2-003656;02/02/2026 19:22
1987;CGL25123867;JOINT PRODUCTION;income;IAD02;2000;road;C0069 JOINT PRODUCTION;;30/01/2026;MXN;56.000,00;8.960,00;56.000,00;8.960,00;16/12/2025;16/12/2025;2-003656;02/02/2026 19:22
1984;CGL26013916;JOINT PRODUCTION;income;IEX01;1000;sea;C0069 JOINT PRODUCTION;;30/01/2026;MXN;19.049,00;3.047,84;19.049,00;3.047,84;11/01/2026;11/01/2026;1-003655;02/02/2026 19:22
1983;CGL26013916;JOINT PRODUCTION;income;PT01;1000;sea;C0069 JOINT PRODUCTION;;30/01/2026;MXN;262.202,00;0;262.202,00;0;11/01/2026;11/01/2026;1-003655;02/02/2026 19:22
1980;CGL26013916;JOINT PRODUCTION;income;IAT02;1000;sea;C0069 JOINT PRODUCTION;;30/01/2026;MXN;65.506,00;10.480,96;65.506,00;10.480,96;11/01/2026;11/01/2026;1-003655;02/02/2026 19:22
1979;CGL26013916;JOINT PRODUCTION;payable;CAD02;1000;sea;P0121 CORPORATIVO ADUANAL ROBLES;51901 - FACMZO;30/01/2026;MXN;4.340,00;694,4;4.340,00;694,4;11/01/2026;11/01/2026;8521;02/02/2026 19:22
1978;CGL26013916;JOINT PRODUCTION;income;IAD02;1000;sea;C0069 JOINT PRODUCTION;;30/01/2026;MXN;7.200,00;1.152,00;7.200,00;1.152,00;11/01/2026;11/01/2026;1-003655;02/02/2026 19:22
1977;CGL26013916;JOINT PRODUCTION;payable;CEX01;1000;sea;P0992 COMPROBADOS CORPORATIVO ADUANAL ROBLES;C51901 - FACMZO;30/01/2026;MXN;16.565,04;2.650,41;16.565,04;2.650,41;11/01/2026;11/01/2026;8522;02/02/2026 19:22
1976;CGL26013916;JOINT PRODUCTION;income;IEX04;1000;sea;C0069 JOINT PRODUCTION;;30/01/2026;MXN;675;108;675;108;11/01/2026;11/01/2026;1-003655;02/02/2026 19:22
1975;CGL26013916;JOINT PRODUCTION;payable;CAT02;1000;sea;P0992 COMPROBADOS CORPORATIVO ADUANAL ROBLES;C51901 - FACMZO;30/01/2026;MXN;56.962,56;9.114,01;56.962,56;9.114,01;11/01/2026;11/01/2026;8522;02/02/2026 19:22
1964;CGL26013962;JOINT PRODUCTION;income;IAD10;2000;road;C0069 JOINT PRODUCTION;;30/01/2026;MXN;13.400,00;2.144,00;13.400,00;2.144,00;21/01/2026;21/01/2026;2-003654;02/02/2026 19:22
1963;CGL26013962;JOINT PRODUCTION;income;IAD02;2000;road;C0069 JOINT PRODUCTION;;30/01/2026;MXN;8.000,00;1.280,00;8.000,00;1.280,00;21/01/2026;21/01/2026;2-003654;02/02/2026 19:22
1962;CGL26013958;JOINT PRODUCTION;payable;PT01;2000;road;P0997 TESORERIA DE LA FEDERACION;26 24 1780 6000053;30/01/2026;MXN;1.377,00;0;1.377,00;0;20/01/2026;20/01/2026;8520;02/02/2026 19:22
1956;CGL26013994;NAPS-GUANAJUATO;income;IAD02;1000;air;C0051 NAPS-GUANAJUATO;;30/01/2026;MXN;7.200,00;1.152,00;7.200,00;1.152,00;26/01/2026;26/01/2026;1-003653;02/02/2026 19:22
1952;CGL26013994;NAPS-GUANAJUATO;income;PT01;1000;air;C0051 NAPS-GUANAJUATO;;30/01/2026;MXN;1.307,00;0;1.307,00;0;26/01/2026;26/01/2026;1-003653;02/02/2026 19:22
1951;CGL26013994;NAPS-GUANAJUATO;income;IAT02;1000;air;C0051 NAPS-GUANAJUATO;;30/01/2026;MXN;9.551,95;1.528,31;9.551,95;1.528,31;26/01/2026;26/01/2026;1-003653;02/02/2026 19:22
1950;CGL26013994;NAPS-GUANAJUATO;income;ITR02;1000;air;C0051 NAPS-GUANAJUATO;;30/01/2026;MXN;17.750,00;2.840,00;17.750,00;2.840,00;26/01/2026;26/01/2026;1-003653;02/02/2026 19:22
1949;CGL26013994;NAPS-GUANAJUATO;income;ITR03;1000;air;C0051 NAPS-GUANAJUATO;;30/01/2026;MXN;1.500,00;240;1.500,00;240;26/01/2026;26/01/2026;1-003653;02/02/2026 19:22
1948;CGL26013994;NAPS-GUANAJUATO;payable;PT01;1000;air;P0997 TESORERIA DE LA FEDERACION;26 85 1780 6000039;30/01/2026;MXN;1.307,00;0;1.307,00;0;26/01/2026;26/01/2026;8517;02/02/2026 19:22
1943;CGL25123870;NAPS-GUANAJUATO;income;IEX01;1000;air;C0002 NAPS-GUANAJUATO;;30/01/2026;MXN;810;129,6;810;129,6;16/12/2025;16/12/2025;1-003652;02/02/2026 19:22
1942;CGL25123870;NAPS-GUANAJUATO;income;IAD09;1000;air;C0002 NAPS-GUANAJUATO;;30/01/2026;MXN;1.800,00;288;1.800,00;288;16/12/2025;16/12/2025;1-003652;02/02/2026 19:22
1941;CGL25123870;NAPS-GUANAJUATO;income;IAD02;1000;air;C0002 NAPS-GUANAJUATO;;30/01/2026;MXN;6.000,00;960;6.000,00;960;16/12/2025;16/12/2025;1-003652;02/02/2026 19:22
1939;CGL25123870;NAPS-GUANAJUATO;income;PT01;1000;air;C0002 NAPS-GUANAJUATO;;30/01/2026;MXN;8.896,00;0;8.896,00;0;16/12/2025;16/12/2025;1-003652;02/02/2026 19:22
1936;CGL25123870;NAPS-GUANAJUATO;income;IAD03;1000;air;C0002 NAPS-GUANAJUATO;;30/01/2026;MXN;3.000,00;480;3.000,00;480;16/12/2025;16/12/2025;1-003652;02/02/2026 19:22
1932;CGL25123870;NAPS-GUANAJUATO;income;IAT02;1000;air;C0002 NAPS-GUANAJUATO;;30/01/2026;MXN;9.603,00;1.536,48;9.603,00;1.536,48;16/12/2025;16/12/2025;1-003652;02/02/2026 19:22
1928;CGL26013947;NAPS-GUANAJUATO;income;IAT02;1000;air;C0051 NAPS-GUANAJUATO;;30/01/2026;MXN;1.500,00;240;1.500,00;240;19/01/2026;19/01/2026;1-003651;02/02/2026 19:22
1927;CGL26013947;NAPS-GUANAJUATO;income;IAT02;1000;air;C0051 NAPS-GUANAJUATO;;30/01/2026;MXN;8.186,67;1.309,87;8.186,67;1.309,87;19/01/2026;19/01/2026;1-003651;02/02/2026 19:22
1926;CGL26013947;NAPS-GUANAJUATO;income;IAD02;1000;air;C0051 NAPS-GUANAJUATO;;30/01/2026;MXN;3.000,00;480;3.000,00;480;19/01/2026;19/01/2026;1-003651;02/02/2026 19:22
1925;CGL26013947;NAPS-GUANAJUATO;income;ITR03;1000;air;C0051 NAPS-GUANAJUATO;;30/01/2026;MXN;1.500,00;240;1.500,00;240;19/01/2026;19/01/2026;1-003651;02/02/2026 19:22
1922;CGL26013947;NAPS-GUANAJUATO;income;PT01;1000;air;C0051 NAPS-GUANAJUATO;;30/01/2026;MXN;845;0;845;0;19/01/2026;19/01/2026;1-003651;02/02/2026 19:22
1920;CGL26013947;NAPS-GUANAJUATO;income;ITR02;1000;air;C0051 NAPS-GUANAJUATO;;30/01/2026;MXN;14.750,00;2.360,00;14.750,00;2.360,00;19/01/2026;19/01/2026;1-003651;02/02/2026 19:22
1919;CGL26013947;NAPS-GUANAJUATO;income;IAD02;1000;air;C0051 NAPS-GUANAJUATO;;30/01/2026;MXN;7.200,00;1.152,00;7.200,00;1.152,00;19/01/2026;19/01/2026;1-003651;02/02/2026 19:22
1915;CGL26013943;JOINT PRODUCTION;income;IAD10;2000;road;C0069 JOINT PRODUCTION;;30/01/2026;MXN;13.400,00;2.144,00;13.400,00;2.144,00;16/01/2026;16/01/2026;2-003650;02/02/2026 19:21
1914;CGL26013943;JOINT PRODUCTION;income;IAD02;2000;road;C0069 JOINT PRODUCTION;;30/01/2026;MXN;8.000,00;1.280,00;8.000,00;1.280,00;16/01/2026;16/01/2026;2-003650;02/02/2026 19:21
1910;CGL25123830;JOINT PRODUCTION;income;IAD09;2000;road;C0069 JOINT PRODUCTION;;30/01/2026;MXN;5.600,00;896;5.600,00;896;08/12/2025;08/12/2025;2-003649;02/02/2026 19:21
1893;CGL25123830;JOINT PRODUCTION;income;IAD02;2000;road;C0069 JOINT PRODUCTION;;30/01/2026;MXN;56.000,00;8.960,00;56.000,00;8.960,00;08/12/2025;08/12/2025;2-003649;02/02/2026 19:21
1889;CGL25123830;JOINT PRODUCTION;income;IAD10;2000;road;C0069 JOINT PRODUCTION;;30/01/2026;MXN;93.800,00;15.008,00;93.800,00;15.008,00;08/12/2025;08/12/2025;2-003649;02/02/2026 19:21
1857;CGL26013915;NAPS-GUANAJUATO;income;IAD02;2000;road;C0002 NAPS-GUANAJUATO;;30/01/2026;MXN;4.500,00;720;4.500,00;720;07/01/2026;07/01/2026;2-003648;02/02/2026 19:21
1856;CGL26013915;NAPS-GUANAJUATO;income;IAD09;2000;road;C0002 NAPS-GUANAJUATO;;30/01/2026;MXN;1.800,00;288;1.800,00;288;07/01/2026;07/01/2026;2-003648;02/02/2026 19:21
1855;CGL26013915;NAPS-GUANAJUATO;income;PT01;2000;road;C0002 NAPS-GUANAJUATO;;30/01/2026;MXN;31.812,00;0;31.812,00;0;07/01/2026;07/01/2026;2-003648;02/02/2026 19:21
1850;CGL26013950;JOINT PRODUCTION;income;IAD09;1000;air;C0069 JOINT PRODUCTION;;30/01/2026;MXN;3.000,00;480;3.000,00;480;20/01/2026;20/01/2026;1-003647;02/02/2026 19:21
1849;CGL26013950;JOINT PRODUCTION;income;IAD02;1000;air;C0069 JOINT PRODUCTION;;30/01/2026;MXN;7.200,00;1.152,00;7.200,00;1.152,00;20/01/2026;20/01/2026;1-003647;02/02/2026 19:21
1848;CGL26013950;JOINT PRODUCTION;income;PT01;1000;air;C0069 JOINT PRODUCTION;;30/01/2026;MXN;1.307,00;0;1.307,00;0;20/01/2026;20/01/2026;1-003647;02/02/2026 19:21
1846;CGL26013950;JOINT PRODUCTION;income;IAT02;1000;air;C0069 JOINT PRODUCTION;;30/01/2026;MXN;6.534,15;1.045,46;6.534,15;1.045,46;20/01/2026;20/01/2026;1-003647;02/02/2026 19:21
1844;CGL26013977;JOINT PRODUCTION;income;IAD02;2000;road;C0069 JOINT PRODUCTION;;30/01/2026;MXN;7.400,00;1.184,00;7.400,00;1.184,00;23/01/2026;23/01/2026;2-003646;02/02/2026 19:21
1842;CGL26013977;JOINT PRODUCTION;income;PT01;2000;road;C0069 JOINT PRODUCTION;;30/01/2026;MXN;383;0;383;0;23/01/2026;23/01/2026;2-003646;02/02/2026 19:21
1840;CGL25123868;JOINT PRODUCTION;income;IAD10;2000;road;C0069 JOINT PRODUCTION;;30/01/2026;MXN;67.000,00;10.720,00;67.000,00;10.720,00;16/12/2025;16/12/2025;2-003645;02/02/2026 19:21
1831;CGL25123868;JOINT PRODUCTION;income;IAD02;2000;road;C0069 JOINT PRODUCTION;;30/01/2026;MXN;40.000,00;6.400,00;40.000,00;6.400,00;16/12/2025;16/12/2025;2-003645;02/02/2026 19:21
1826;CGL26013911;JOINT PRODUCTION;income;IAD10;2000;road;C0069 JOINT PRODUCTION;;30/01/2026;MXN;53.600,00;8.576,00;53.600,00;8.576,00;06/01/2026;06/01/2026;2-003644;02/02/2026 19:21
1818;CGL26013911;JOINT PRODUCTION;income;IAD02;2000;road;C0069 JOINT PRODUCTION;;30/01/2026;MXN;32.000,00;5.120,00;32.000,00;5.120,00;06/01/2026;06/01/2026;2-003644;02/02/2026 19:21
1817;CGL26013910;JOINT PRODUCTION;income;IAD10;2000;road;C0069 JOINT PRODUCTION;;30/01/2026;MXN;26.800,00;4.288,00;26.800,00;4.288,00;06/01/2026;06/01/2026;2-003643;02/02/2026 19:21
1816;CGL26013910;JOINT PRODUCTION;income;IAD02;2000;road;C0069 JOINT PRODUCTION;;30/01/2026;MXN;16.000,00;2.560,00;16.000,00;2.560,00;06/01/2026;06/01/2026;2-003643;02/02/2026 19:21
1807;CGL26013912;JOINT PRODUCTION;income;IAD10;2000;road;C0069 JOINT PRODUCTION;;30/01/2026;MXN;53.600,00;8.576,00;53.600,00;8.576,00;06/01/2026;06/01/2026;2-003642;02/02/2026 19:21
1806;CGL26013912;JOINT PRODUCTION;payable;PT01;2000;road;P0997 TESORERIA DE LA FEDERACION;26 24 1780 6000049;30/01/2026;MXN;6.897,00;0;6.897,00;0;06/01/2026;06/01/2026;8503;02/02/2026 19:21
1805;CGL26013912;JOINT PRODUCTION;income;IAD02;2000;road;C0069 JOINT PRODUCTION;;30/01/2026;MXN;32.000,00;5.120,00;32.000,00;5.120,00;06/01/2026;06/01/2026;2-003642;02/02/2026 19:21
1803;CGL26013912;JOINT PRODUCTION;income;PT01;2000;road;C0069 JOINT PRODUCTION;;30/01/2026;MXN;6.897,00;0;6.897,00;0;06/01/2026;06/01/2026;2-003642;02/02/2026 19:21
1787;CGL25123863;MEGALUMINIO SERVICIOS;income;ITR02;1000;sea;C0012 MEGALUMINIO SERVICIOS;;30/01/2026;USD;100;0;1.725,32;0;16/12/2025;16/12/2025;1-003641;02/02/2026 19:21
1786;CGL25123863;MEGALUMINIO SERVICIOS;income;ITR03;1000;sea;C0012 MEGALUMINIO SERVICIOS;;30/01/2026;USD;109;0;1.880,60;0;16/12/2025;16/12/2025;1-003641;02/02/2026 19:21
1767;CGL26013955;NAPS-GUANAJUATO;payable;CAD02;2000;air;P0013 GRUPO CAMILI;65403;30/01/2026;MXN;4.000,00;640;4.000,00;640;20/01/2026;20/01/2026;8484;02/02/2026 19:21
1766;CGL26013955;NAPS-GUANAJUATO;income;IAT02;2000;air;C0002 NAPS-GUANAJUATO;;30/01/2026;MXN;1.570,00;251,2;1.570,00;251,2;20/01/2026;20/01/2026;2-003640;02/02/2026 19:21
1765;CGL26013955;NAPS-GUANAJUATO;payable;CAD07;2000;air;P0013 GRUPO CAMILI;65403;30/01/2026;MXN;1.000,00;160;1.000,00;160;20/01/2026;20/01/2026;8484;02/02/2026 19:21
1764;CGL26013955;NAPS-GUANAJUATO;payable;CAT02;2000;air;P0989 COMPROBADOS GRUPO CAMILI;C65403;30/01/2026;MXN;1.162,50;186;1.162,50;186;20/01/2026;20/01/2026;8485;02/02/2026 19:21
1763;CGL26013955;NAPS-GUANAJUATO;income;IAD09;2000;air;C0002 NAPS-GUANAJUATO;;30/01/2026;MXN;1.800,00;288;1.800,00;288;20/01/2026;20/01/2026;2-003640;02/02/2026 19:21
1762;CGL26013955;NAPS-GUANAJUATO;income;PT01;2000;air;C0002 NAPS-GUANAJUATO;;30/01/2026;MXN;383;0;383;0;20/01/2026;20/01/2026;2-003640;02/02/2026 19:21
1761;CGL26013955;NAPS-GUANAJUATO;income;IAD02;2000;air;C0002 NAPS-GUANAJUATO;;30/01/2026;MXN;6.000,00;960;6.000,00;960;20/01/2026;20/01/2026;2-003640;02/02/2026 19:21
1757;CGL25123820;NAPS-GUANAJUATO;income;PT01;2000;road;C0002 NAPS-GUANAJUATO;;30/01/2026;MXN;845;0;845;0;05/12/2025;05/12/2025;2-003639;02/02/2026 19:21
1755;CGL25123820;NAPS-GUANAJUATO;income;IAD02;2000;road;C0002 NAPS-GUANAJUATO;;30/01/2026;MXN;4.500,00;720;4.500,00;720;05/12/2025;05/12/2025;2-003639;02/02/2026 19:21
1754;CGL26013925;NAPS-GUANAJUATO;income;IAD02;2000;road;C0002 NAPS-GUANAJUATO;;30/01/2026;MXN;4.200,00;672;4.200,00;672;12/01/2026;12/01/2026;2-003638;02/02/2026 19:21
1752;CGL26013925;NAPS-GUANAJUATO;income;IAD03;2000;road;C0002 NAPS-GUANAJUATO;;30/01/2026;MXN;3.000,00;480;3.000,00;480;12/01/2026;12/01/2026;2-003638;02/02/2026 19:21
1751;CGL26013925;NAPS-GUANAJUATO;income;PT01;2000;road;C0002 NAPS-GUANAJUATO;;30/01/2026;MXN;383;0;383;0;12/01/2026;12/01/2026;2-003638;02/02/2026 19:21
1750;CGL26013925;NAPS-GUANAJUATO;income;IAT02;2000;road;C0002 NAPS-GUANAJUATO;;30/01/2026;MXN;2.137,00;341,92;2.137,00;341,92;12/01/2026;12/01/2026;2-003638;02/02/2026 19:21
1744;CGL25123887;JOINT PRODUCTION;income;IAD10;2000;road;C0069 JOINT PRODUCTION;;30/01/2026;MXN;13.400,00;2.144,00;13.400,00;2.144,00;22/12/2025;22/12/2025;2-003637;02/02/2026 19:21
1743;CGL25123887;JOINT PRODUCTION;income;PT01;2000;road;C0069 JOINT PRODUCTION;;30/01/2026;MXN;11.009,00;0;11.009,00;0;22/12/2025;22/12/2025;2-003637;02/02/2026 19:21
1741;CGL25123887;JOINT PRODUCTION;income;IAD02;2000;road;C0069 JOINT PRODUCTION;;30/01/2026;MXN;8.000,00;1.280,00;8.000,00;1.280,00;22/12/2025;22/12/2025;2-003637;02/02/2026 19:21
1737;CGL25123829;JOINT PRODUCTION;income;IAD09;2000;road;C0069 JOINT PRODUCTION;;30/01/2026;MXN;5.600,00;896;5.600,00;896;08/12/2025;08/12/2025;2-003636;02/02/2026 19:21
1734;CGL25123829;JOINT PRODUCTION;income;IAD10;2000;road;C0069 JOINT PRODUCTION;;30/01/2026;MXN;80.400,00;12.864,00;80.400,00;12.864,00;08/12/2025;08/12/2025;2-003636;02/02/2026 19:21
1729;CGL25123829;JOINT PRODUCTION;income;IAD02;2000;road;C0069 JOINT PRODUCTION;;30/01/2026;MXN;48.000,00;7.680,00;48.000,00;7.680,00;08/12/2025;08/12/2025;2-003636;02/02/2026 19:21
2399;CGL26013995;JOINT PRODUCTION;payable;CAD02;1000;air;P0013 GRUPO CAMILI;65396;29/01/2026;MXN;4.900,00;784;4.900,00;784;26/01/2026;26/01/2026;8518;02/03/2026 19:01
2398;CGL26013995;JOINT PRODUCTION;payable;CAT02;1000;air;P0989 COMPROBADOS GRUPO CAMILI;C65396;29/01/2026;MXN;37.780,29;6.044,85;37.780,29;6.044,85;26/01/2026;26/01/2026;8519;02/03/2026 19:01
1955;CGL26013994;NAPS-GUANAJUATO;payable;CTR06;1000;air;P0004 MARIA ELENA SUAREZ GARCIA;B ? 3768;29/01/2026;MXN;9.000,00;1.440,00;9.000,00;1.440,00;26/01/2026;26/01/2026;8470;02/02/2026 19:22
1954;CGL26013994;NAPS-GUANAJUATO;payable;CAT02;1000;air;P0989 COMPROBADOS GRUPO CAMILI;C65399;29/01/2026;MXN;8.306,05;1.328,97;8.306,05;1.328,97;26/01/2026;26/01/2026;8507;02/02/2026 19:22
1953;CGL26013994;NAPS-GUANAJUATO;payable;CAD02;1000;air;P0013 GRUPO CAMILI;65399;29/01/2026;MXN;4.970,00;795,2;4.970,00;795,2;26/01/2026;26/01/2026;8504;02/02/2026 19:22
1947;CGL26013995;JOINT PRODUCTION;payable;CAD02;1000;air;P0013 GRUPO CAMILI;65396;29/01/2026;MXN;4.900,00;784;4.900,00;784;26/01/2026;26/01/2026;8518;02/02/2026 19:22
1946;CGL26013995;JOINT PRODUCTION;payable;CAT02;1000;air;P0989 COMPROBADOS GRUPO CAMILI;C65396;29/01/2026;MXN;37.780,29;6.044,85;37.780,29;6.044,85;26/01/2026;26/01/2026;8519;02/02/2026 19:22
1843;CGL26013977;JOINT PRODUCTION;payable;PT01;2000;road;P0997 TESORERIA DE LA FEDERACION;26 24 1780 6000052;29/01/2026;MXN;383;0;383;0;23/01/2026;23/01/2026;8468;02/02/2026 19:21
1799;CGL26013930;GSI FABRIL;income;ITR02;2000;road;C0103 GSI FABRIL;;29/01/2026;USD;1.110,00;177,6;19.127,74;3.060,44;14/01/2026;14/01/2026;2-003624;02/02/2026 19:21
1795;CGL26013956;JOINT PRODUCTION;payable;CAT02;1000;air;P0989 COMPROBADOS GRUPO CAMILI;C65394;29/01/2026;MXN;8.203,87;1.312,62;8.203,87;1.312,62;21/01/2026;21/01/2026;8506;02/02/2026 19:21
1794;CGL26013956;JOINT PRODUCTION;payable;CAD02;1000;air;P0013 GRUPO CAMILI;65394;29/01/2026;MXN;4.900,00;784;4.900,00;784;21/01/2026;21/01/2026;8502;02/02/2026 19:21
1791;CGL26013957;JOINT PRODUCTION;payable;CAD02;1000;air;P0013 GRUPO CAMILI;65393;29/01/2026;MXN;4.970,00;795,2;4.970,00;795,2;21/01/2026;21/01/2026;8501;02/02/2026 19:21
1790;CGL26013957;JOINT PRODUCTION;payable;CAT02;1000;air;P0989 COMPROBADOS GRUPO CAMILI;C65393;29/01/2026;MXN;9.919,87;1.587,18;9.919,87;1.587,18;21/01/2026;21/01/2026;8505;02/02/2026 19:21
1783;CGL26013976;JOINT PRODUCTION;payable;CAT02;1000;air;P0989 COMPROBADOS GRUPO CAMILI;C65395;29/01/2026;MXN;6.911,43;1.105,83;6.911,43;1.105,83;25/01/2026;25/01/2026;8500;02/02/2026 19:21
1782;CGL26013976;JOINT PRODUCTION;payable;CAD02;1000;air;P0013 GRUPO CAMILI;65395;29/01/2026;MXN;4.900,00;784;4.900,00;784;25/01/2026;25/01/2026;8499;02/02/2026 19:21
1759;CGL26013983;NAPS-GUANAJUATO;payable;PT01;2000;road;P0997 TESORERIA DE LA FEDERACION;26 24 3482 6005828;29/01/2026;MXN;383;0;383;0;23/01/2026;23/01/2026;8483;02/02/2026 19:21
1712;CGL26013918;NAPS-GUANAJUATO;income;PT01;2000;road;C0002 NAPS-GUANAJUATO;;29/01/2026;MXN;845;0;845;0;08/01/2026;08/01/2026;2-003635;02/02/2026 19:21
1711;CGL26013918;NAPS-GUANAJUATO;payable;CAD02;2000;road;P0013 GRUPO CAMILI;65381;29/01/2026;MXN;2.410,00;192,8;2.410,00;192,8;08/01/2026;08/01/2026;8467;02/02/2026 19:21
1710;CGL26013918;NAPS-GUANAJUATO;income;IAD02;2000;road;C0002 NAPS-GUANAJUATO;;29/01/2026;MXN;4.500,00;720;4.500,00;720;08/01/2026;08/01/2026;2-003635;02/02/2026 19:21
1707;CGL26013917;NAPS-GUANAJUATO;income;IAD02;2000;road;C0002 NAPS-GUANAJUATO;;29/01/2026;MXN;4.500,00;720;4.500,00;720;07/01/2026;07/01/2026;2-003634;02/02/2026 19:21
1705;CGL26013917;NAPS-GUANAJUATO;income;PT01;2000;road;C0002 NAPS-GUANAJUATO;;29/01/2026;MXN;845;0;845;0;07/01/2026;07/01/2026;2-003634;02/02/2026 19:21
1704;CGL26013971;NAPS-GUANAJUATO;income;IAD02;2000;road;C0002 NAPS-GUANAJUATO;;29/01/2026;MXN;4.200,00;672;4.200,00;672;22/01/2026;22/01/2026;2-003633;02/02/2026 19:21
1702;CGL26013971;NAPS-GUANAJUATO;income;PT01;2000;road;C0002 NAPS-GUANAJUATO;;29/01/2026;MXN;383;0;383;0;22/01/2026;22/01/2026;2-003633;02/02/2026 19:21
1701;CGL26013971;NAPS-GUANAJUATO;payable;CAD02;2000;road;P0013 GRUPO CAMILI;65388;29/01/2026;MXN;2.210,00;176,8;2.210,00;176,8;22/01/2026;22/01/2026;8461;02/02/2026 19:21
1699;CGL26013970;NAPS-GUANAJUATO;income;PT01;2000;road;C0002 NAPS-GUANAJUATO;;29/01/2026;MXN;383;0;383;0;22/01/2026;22/01/2026;2-003632;02/02/2026 19:21
1698;CGL26013970;NAPS-GUANAJUATO;income;IAD02;2000;road;C0002 NAPS-GUANAJUATO;;29/01/2026;MXN;4.200,00;672;4.200,00;672;22/01/2026;22/01/2026;2-003632;02/02/2026 19:21
1697;CGL26013970;NAPS-GUANAJUATO;payable;CAD02;2000;road;P0013 GRUPO CAMILI;65373;29/01/2026;MXN;2.210,00;176,8;2.210,00;176,8;22/01/2026;22/01/2026;8449;02/02/2026 19:21
1696;CGL26013972;NAPS-GUANAJUATO;income;IAD02;2000;road;C0002 NAPS-GUANAJUATO;;29/01/2026;MXN;4.200,00;672;4.200,00;672;22/01/2026;22/01/2026;2-003631;02/02/2026 19:21
1695;CGL26013972;NAPS-GUANAJUATO;payable;CAD02;2000;road;P0013 GRUPO CAMILI;65376;29/01/2026;MXN;2.210,00;176,8;2.210,00;176,8;22/01/2026;22/01/2026;8448;02/02/2026 19:21
1693;CGL26013972;NAPS-GUANAJUATO;income;PT01;2000;road;C0002 NAPS-GUANAJUATO;;29/01/2026;MXN;383;0;383;0;22/01/2026;22/01/2026;2-003631;02/02/2026 19:21
1691;CGL26013938;NAPS-GUANAJUATO;income;PT01;2000;road;C0002 NAPS-GUANAJUATO;;29/01/2026;MXN;383;0;383;0;15/01/2026;15/01/2026;2-003630;02/02/2026 19:21
1689;CGL26013938;NAPS-GUANAJUATO;income;IAD02;2000;road;C0002 NAPS-GUANAJUATO;;29/01/2026;MXN;4.200,00;672;4.200,00;672;15/01/2026;15/01/2026;2-003630;02/02/2026 19:21
1688;CGL26013937;NAPS-GUANAJUATO;income;IAD02;2000;road;C0002 NAPS-GUANAJUATO;;29/01/2026;MXN;4.200,00;672;4.200,00;672;15/01/2026;15/01/2026;2-003629;02/02/2026 19:21
1686;CGL26013937;NAPS-GUANAJUATO;income;PT01;2000;road;C0002 NAPS-GUANAJUATO;;29/01/2026;MXN;383;0;383;0;15/01/2026;15/01/2026;2-003629;02/02/2026 19:21
1684;CGL26013921;NAPS-GUANAJUATO;income;IAD02;2000;road;C0002 NAPS-GUANAJUATO;;29/01/2026;MXN;4.200,00;672;4.200,00;672;08/01/2026;08/01/2026;2-003628;02/02/2026 19:21
1681;CGL26013921;NAPS-GUANAJUATO;income;PT01;2000;road;C0002 NAPS-GUANAJUATO;;29/01/2026;MXN;383;0;383;0;08/01/2026;08/01/2026;2-003628;02/02/2026 19:21
1679;CGL25123900;NAPS-GUANAJUATO;income;PT01;2000;road;C0002 NAPS-GUANAJUATO;;29/01/2026;MXN;383;0;383;0;27/12/2025;27/12/2025;2-003627;02/02/2026 19:21
1677;CGL25123900;NAPS-GUANAJUATO;income;IAD02;2000;road;C0002 NAPS-GUANAJUATO;;29/01/2026;MXN;4.200,00;672;4.200,00;672;27/12/2025;27/12/2025;2-003627;02/02/2026 19:21
1675;CGL25123899;NAPS-GUANAJUATO;income;IAD02;2000;road;C0002 NAPS-GUANAJUATO;;29/01/2026;MXN;4.200,00;672;4.200,00;672;27/12/2025;27/12/2025;2-003626;02/02/2026 19:21
1673;CGL25123899;NAPS-GUANAJUATO;income;PT01;2000;road;C0002 NAPS-GUANAJUATO;;29/01/2026;MXN;383;0;383;0;27/12/2025;27/12/2025;2-003626;02/02/2026 19:21
1671;CGL25123861;NAPS-GUANAJUATO;income;IAD02;2000;road;C0002 NAPS-GUANAJUATO;;29/01/2026;MXN;4.500,00;720;4.500,00;720;15/12/2025;15/12/2025;2-003625;02/02/2026 19:21
1670;CGL25123861;NAPS-GUANAJUATO;income;PT01;2000;road;C0002 NAPS-GUANAJUATO;;29/01/2026;MXN;845;0;845;0;15/12/2025;15/12/2025;2-003625;02/02/2026 19:21
1667;CGL26013951;NAPS-GUANAJUATO;income;IAD02;2000;road;C0002 NAPS-GUANAJUATO;;29/01/2026;MXN;4.200,00;672;4.200,00;672;19/01/2026;19/01/2026;2-003623;02/02/2026 19:21
1666;CGL26013951;NAPS-GUANAJUATO;income;PT01;2000;road;C0002 NAPS-GUANAJUATO;;29/01/2026;MXN;383;0;383;0;19/01/2026;19/01/2026;2-003623;02/02/2026 19:21
1665;CGL26013951;NAPS-GUANAJUATO;payable;CAD02;2000;road;P0013 GRUPO CAMILI;65371;29/01/2026;MXN;2.210,00;176,8;2.210,00;176,8;19/01/2026;19/01/2026;8445;02/02/2026 19:21
1662;CGL25123810;NAPS-GUANAJUATO;payable;CAD02;2000;road;P0013 GRUPO CAMILI;65375;29/01/2026;MXN;2.410,00;192,8;2.410,00;192,8;03/12/2025;03/12/2025;8443;02/02/2026 19:21
1657;CGL26013974;JOINT PRODUCTION;income;ITR02;2000;road;C0081 JOINT PRODUCTION;;29/01/2026;MXN;10.000,00;1.600,00;10.000,00;1.600,00;22/01/2026;22/01/2026;2-003622;02/02/2026 19:21
1655;CGL26013953;JOINT PRODUCTION;income;IEX02;2000;road;C0081 JOINT PRODUCTION;;29/01/2026;MXN;3.537,94;566,07;3.537,94;566,07;19/01/2026;19/01/2026;2-003621;02/02/2026 19:21
1652;CGL26013953;JOINT PRODUCTION;income;ITR02;2000;road;C0081 JOINT PRODUCTION;;29/01/2026;MXN;22.000,00;3.520,00;22.000,00;3.520,00;19/01/2026;19/01/2026;2-003621;02/02/2026 19:21
1651;CGL26013952;NAPS-GUANAJUATO;income;IAD02;2000;road;C0002 NAPS-GUANAJUATO;;29/01/2026;MXN;4.200,00;672;4.200,00;672;19/01/2026;19/01/2026;2-003620;02/02/2026 19:21
1649;CGL26013952;NAPS-GUANAJUATO;income;PT01;2000;road;C0002 NAPS-GUANAJUATO;;29/01/2026;MXN;383;0;383;0;19/01/2026;19/01/2026;2-003620;02/02/2026 19:21
1648;CGL26013952;NAPS-GUANAJUATO;payable;CAD02;2000;road;P0013 GRUPO CAMILI;65372;29/01/2026;MXN;2.210,00;176,8;2.210,00;176,8;19/01/2026;19/01/2026;8442;02/02/2026 19:21
1647;CGL25123844;NAPS-GUANAJUATO;income;PT01;2000;road;C0002 NAPS-GUANAJUATO;;29/01/2026;MXN;383;0;383;0;10/12/2025;10/12/2025;2-003619;02/02/2026 19:21
1645;CGL25123844;NAPS-GUANAJUATO;income;IAD02;2000;road;C0002 NAPS-GUANAJUATO;;29/01/2026;MXN;4.500,00;720;4.500,00;720;10/12/2025;10/12/2025;2-003619;02/02/2026 19:21
1643;CGL25123890;NEXT LOGISTICS XXI, S.L.;income;ITR05;1000;sea;C0096 NEXT LOGISTICS XXI, S.L.;;29/01/2026;USD;280;0;4.825,02;0;23/12/2025;08/12/2025;1-003618;02/02/2026 19:21
1642;CGL25123847;NEXT LOGISTICS XXI, S.L.;income;ITR05;1000;sea;C0096 NEXT LOGISTICS XXI, S.L.;;29/01/2026;USD;280;0;4.825,02;0;11/12/2025;08/12/2025;1-003618;02/02/2026 19:21
1641;CGL25123834;NEXT LOGISTICS XXI, S.L.;income;ITR05;1000;sea;C0096 NEXT LOGISTICS XXI, S.L.;;29/01/2026;USD;210;0;3.618,76;0;08/12/2025;08/12/2025;1-003618;02/02/2026 19:21
1639;CGL26013932;NAPS-GUANAJUATO;income;IAD09;1000;air;C0004 NAPS-GUANAJUATO;;29/01/2026;MXN;3.000,00;480;3.000,00;480;15/01/2026;15/01/2026;1-003617;02/02/2026 19:21
1637;CGL26013932;NAPS-GUANAJUATO;income;PT01;1000;air;C0004 NAPS-GUANAJUATO;;29/01/2026;MXN;383;0;383;0;15/01/2026;15/01/2026;1-003617;02/02/2026 19:21
1636;CGL26013932;NAPS-GUANAJUATO;income;IAT02;1000;air;C0004 NAPS-GUANAJUATO;;29/01/2026;MXN;2.995,86;479,34;2.995,86;479,34;15/01/2026;15/01/2026;1-003617;02/02/2026 19:21
1634;CGL26013932;NAPS-GUANAJUATO;income;IAD03;1000;air;C0004 NAPS-GUANAJUATO;;29/01/2026;MXN;2.262,86;362,06;2.262,86;362,06;15/01/2026;15/01/2026;1-003617;02/02/2026 19:21
1632;CGL26013932;NAPS-GUANAJUATO;income;IAD02;1000;air;C0004 NAPS-GUANAJUATO;;29/01/2026;MXN;7.200,00;1.152,00;7.200,00;1.152,00;15/01/2026;15/01/2026;1-003617;02/02/2026 19:21
2411;CGL25123856;JOINT PRODUCTION;payable;PT01;1000;sea;P0997 TESORERIA DE LA FEDERACION;26 16 1742 6000041;28/01/2026;MXN;147.805,00;0;147.805,00;0;12/12/2025;12/12/2025;8528;02/03/2026 19:01
2292;CGL25103668;ARMOR MEXICO IMAGING SUPPLIES;payable;CTR09;1000;sea;P0999 COMPROBADOS CS CARGA;CVER00223;28/01/2026;MXN;15.990,45;2.558,47;15.990,45;2.558,47;29/10/2025;29/10/2025;8444;02/03/2026 19:01
2289;CGL25103668;ARMOR MEXICO IMAGING SUPPLIES;payable;CTR04;1000;sea;P0999 COMPROBADOS CS CARGA;CVER00223;28/01/2026;MXN;141,38;22,62;141,38;22,62;29/10/2025;29/10/2025;8444;02/03/2026 19:01
2135;CGL26013978;JOINT PRODUCTION;payable;PT01;1000;air;P0997 TESORERIA DE LA FEDERACION;26 52 3993 6001276;28/01/2026;MXN;383;0;383;0;23/01/2026;23/01/2026;8398;02/03/2026 19:01
2106;CGL25123864;TRANSPORT RICH LOGISTIC SAS;payable;PT01;1000;sea;P0997 TESORERIA DE LA FEDERACION;26 43 1742 6000285;28/01/2026;MXN;444;0;444;0;16/12/2025;16/12/2025;8397;02/03/2026 19:00
2042;CGL25123805;ARMOR MEXICO IMAGING SUPPLIES;payable;CEX01;1000;sea;P0999 COMPROBADOS CS CARGA;CMNZ01017;28/01/2026;MXN;27.608,40;4.417,34;27.608,40;4.417,34;02/12/2025;02/12/2025;8525;02/02/2026 19:22
2041;CGL25123805;ARMOR MEXICO IMAGING SUPPLIES;payable;CTR03;1000;sea;P0999 COMPROBADOS CS CARGA;CMNZ01017;28/01/2026;MXN;1.159,40;0;1.159,40;0;02/12/2025;02/12/2025;8525;02/02/2026 19:22
2038;CGL25123805;ARMOR MEXICO IMAGING SUPPLIES;payable;CTR04;1000;sea;P0999 COMPROBADOS CS CARGA;CMNZ01017;28/01/2026;MXN;241,81;38,69;241,81;38,69;02/12/2025;02/12/2025;8525;02/02/2026 19:22
2037;CGL25123805;ARMOR MEXICO IMAGING SUPPLIES;payable;CAT02;1000;sea;P0999 COMPROBADOS CS CARGA;CMNZ01017;28/01/2026;MXN;22.387,14;3.581,94;22.387,14;3.581,94;02/12/2025;02/12/2025;8525;02/02/2026 19:22
2027;CGL25123805;ARMOR MEXICO IMAGING SUPPLIES;payable;CAD02;1000;sea;P0023 CS CARGA FORWARDERS;MNZ01017;28/01/2026;MXN;4.325,00;692;4.325,00;692;02/12/2025;02/12/2025;8524;02/02/2026 19:22
2026;CGL25123805;ARMOR MEXICO IMAGING SUPPLIES;payable;CTR07;1000;sea;P0999 COMPROBADOS CS CARGA;CMNZ01017;28/01/2026;MXN;600;96;600;96;02/12/2025;02/12/2025;8525;02/02/2026 19:22
2004;CGL25123867;JOINT PRODUCTION;payable;CTR08;2000;road;P0989 COMPROBADOS GRUPO CAMILI;C65271;28/01/2026;MXN;8.455,00;0;8.455,00;0;16/12/2025;16/12/2025;8438;02/02/2026 19:22
2002;CGL25123867;JOINT PRODUCTION;payable;CAD02;2000;road;P0013 GRUPO CAMILI;65270;28/01/2026;MXN;2.610,00;208,8;2.610,00;208,8;16/12/2025;16/12/2025;8428;02/02/2026 19:22
1998;CGL25123867;JOINT PRODUCTION;payable;CTR08;2000;road;P0989 COMPROBADOS GRUPO CAMILI;C65209;28/01/2026;MXN;7.885,00;0;7.885,00;0;16/12/2025;16/12/2025;8434;02/02/2026 19:22
1997;CGL25123867;JOINT PRODUCTION;payable;CAD02;2000;road;P0013 GRUPO CAMILI;65272;28/01/2026;MXN;2.610,00;208,8;2.610,00;208,8;16/12/2025;16/12/2025;8427;02/02/2026 19:22
1995;CGL25123867;JOINT PRODUCTION;payable;CAD02;2000;road;P0013 GRUPO CAMILI;65209;28/01/2026;MXN;2.610,00;208,8;2.610,00;208,8;16/12/2025;16/12/2025;8426;02/02/2026 19:22
1994;CGL25123867;JOINT PRODUCTION;payable;CTR08;2000;road;P0989 COMPROBADOS GRUPO CAMILI;C65273;28/01/2026;MXN;7.885,00;0;7.885,00;0;16/12/2025;16/12/2025;8437;02/02/2026 19:22
1993;CGL25123867;JOINT PRODUCTION;payable;CTR08;2000;road;P0989 COMPROBADOS GRUPO CAMILI;C65269;28/01/2026;MXN;12.065,00;0;12.065,00;0;16/12/2025;16/12/2025;8439;02/02/2026 19:22
